,净值日期,复权净值,复权净值临时,日增长率,相对净值
0,2018/1/2,1.128260264,1.075175264,,0
1,2018/1/3,1.132766886,1.079311886,0.00399431,0.00399431
2,2018/1/4,1.1372661,1.0836361,0.00397188,0.007982055
3,2018/1/5,1.139912121,1.085867121,0.002326651,0.010327278
4,2018/1/8,1.141987513,1.087842513,0.001820659,0.012166739
5,2018/1/9,1.146257022,1.091987022,0.003738666,0.015950892
6,2018/1/10,1.147532183,1.093177183,0.001112456,0.017081093
7,2018/1/11,1.149467636,1.094817636,0.001686622,0.018796525
8,2018/1/12,1.153395547,1.098550547,0.003417157,0.022277912
9,2018/1/15,1.153395547,1.098550547,0,0.022277912
10,2018/1/16,1.153361296,1.099171296,-2.97E-05,0.022247554
11,2018/1/17,1.152974555,1.098254555,-0.000335316,0.021904778
12,2018/1/18,1.154536753,1.099756753,0.001354928,0.023289386
13,2018/1/19,1.153891457,1.099136457,-0.000558922,0.022717447
14,2018/1/22,1.162962968,1.107717968,0.007861667,0.030757712
15,2018/1/23,1.166089942,1.110509942,0.002688799,0.033529212
16,2018/1/24,1.164394203,1.109229203,-0.001454209,0.032026245
17,2018/1/25,1.16118873,1.10621873,-0.002752911,0.029185168
18,2018/1/26,1.165015433,1.109500433,0.003295505,0.032576853
19,2018/1/29,1.15301072,1.09791072,-0.010304338,0.021936832
20,2018/1/30,1.146149703,1.091434703,-0.005950524,0.015855773
21,2018/1/31,1.147005709,1.092130709,0.000746854,0.016614469
22,2018/2/1,1.13704844,1.08278344,-0.008681098,0.007789139
23,2018/2/2,1.131139951,1.078064951,-0.005196339,0.002552325
24,2018/2/5,1.116759968,1.065544968,-0.012712824,-0.010192946
25,2018/2/6,1.109047699,1.056512699,-0.006905932,-0.017028487
26,2018/2/7,1.097145471,1.045415471,-0.010731935,-0.027577674
27,2018/2/8,1.082657957,1.033042957,-0.013204734,-0.040418252
28,2018/2/9,1.072982231,1.022252231,-0.008937011,-0.048994044
29,2018/2/12,1.084241023,1.032836023,0.010492991,-0.039015148
30,2018/2/13,1.090931817,1.039096817,0.006170947,-0.033084961
31,2018/2/14,1.100461939,1.047551939,0.008735763,-0.024638221
32,2018/2/22,1.110104316,1.056479316,0.008762118,-0.016091985
33,2018/2/23,1.116826308,1.062236308,0.006055279,-0.010134148
34,2018/2/26,1.127469931,1.072289931,0.00953024,-0.000700489
35,2018/2/27,1.117249861,1.062929861,-0.009064605,-0.009758744
36,2018/2/28,1.111997703,1.057897703,-0.00470097,-0.014413839
37,2018/3/1,1.111251087,1.057886087,-0.000671418,-0.015075579
38,2018/3/2,1.111075222,1.057270222,-0.000158258,-0.015231452
39,2018/3/5,1.115423858,1.061013858,0.003913899,-0.011377167
40,2018/3/6,1.121866356,1.067256356,0.005775829,-0.00566705
41,2018/3/7,1.118779496,1.064124496,-0.002751541,-0.008402998
42,2018/3/8,1.123972055,1.069082055,0.004641272,-0.003800727
43,2018/3/9,1.134810789,1.078705789,0.009643241,0.005805864
44,2018/3/12,1.136908689,1.080693689,0.001848678,0.007665275
45,2018/3/13,1.130145503,1.074670503,-0.00594875,0.001670926
46,2018/3/14,1.126461537,1.071041537,-0.003259728,-0.001594249
47,2018/3/15,1.127816703,1.072531703,0.001203029,-0.000393137
48,2018/3/16,1.125718628,1.070338628,-0.001860299,-0.002252704
49,2018/3/19,1.12118519,1.06698519,-0.004027149,-0.006270782
50,2018/3/20,1.122790515,1.068500515,0.00143181,-0.00484795
51,2018/3/21,1.120058008,1.065883008,-0.002433675,-0.007269826
52,2018/3/22,1.108362433,1.055662433,-0.010441937,-0.017635852
53,2018/3/23,1.086338753,1.034868753,-0.019870468,-0.037155887
54,2018/3/26,1.097711035,1.044446035,0.010468449,-0.027076403
55,2018/3/27,1.094100896,1.042850896,-0.003288788,-0.030276142
56,2018/3/28,1.086000279,1.035295279,-0.007403903,-0.037455883
57,2018/3/29,1.094762317,1.042942317,0.008068173,-0.029689911
58,2018/3/30,1.094762317,1.042942317,0,-0.029689911
59,2018/4/2,1.095593193,1.045488193,0.000758956,-0.028953489
60,2018/4/3,1.097511131,1.046841131,0.001750593,-0.027253582
61,2018/4/4,1.101075699,1.049570699,0.003247865,-0.024094232
62,2018/4/9,1.098654391,1.047664391,-0.002199038,-0.026240287
63,2018/4/10,1.109349478,1.057324478,0.009734715,-0.016761014
64,2018/4/11,1.108630846,1.056980846,-0.000647797,-0.017397953
65,2018/4/12,1.108360941,1.056245941,-0.000243457,-0.017637174
66,2018/4/13,1.104772664,1.052812664,-0.003237462,-0.020817537
67,2018/4/16,1.104426069,1.052141069,-0.000313725,-0.021124731
68,2018/4/17,1.101000559,1.047770559,-0.003101621,-0.024160831
69,2018/4/18,1.105222587,1.051832587,0.00383472,-0.020418761
70,2018/4/19,1.106578766,1.053613766,0.001227064,-0.019216752
71,2018/4/20,1.097337813,1.045122813,-0.008350922,-0.027407197
72,2018/4/23,1.095570411,1.043390411,-0.001610627,-0.028973681
73,2018/4/24,1.100098812,1.048808812,0.004133373,-0.024960067
74,2018/4/25,1.098221184,1.047031184,-0.001706782,-0.026624247
75,2018/4/26,1.097005298,1.044635298,-0.001107141,-0.027701912
76,2018/4/27,1.097220628,1.044700628,0.000196289,-0.02751106
77,2018/5/2,1.095508623,1.042853623,-0.00156031,-0.029028445
78,2018/5/3,1.097493117,1.044793117,0.001811482,-0.027269547
79,2018/5/4,1.10049425,1.04701425,0.002734534,-0.024609583
80,2018/5/7,1.110199663,1.056279663,0.008819141,-0.016007477
81,2018/5/8,1.113971905,1.060026905,0.003397804,-0.012664063
82,2018/5/9,1.117636361,1.063061361,0.003289541,-0.009416181
83,2018/5/10,1.123305641,1.068170641,0.005072563,-0.004391383
84,2018/5/11,1.12049671,1.06563171,-0.002500595,-0.006880996
85,2018/5/14,1.122263894,1.067473894,0.001577144,-0.005314705
86,2018/5/15,1.122784811,1.068444811,0.000464166,-0.004853006
87,2018/5/16,1.123587113,1.068682113,0.000714565,-0.004141909
88,2018/5/17,1.118978213,1.064343213,-0.004101952,-0.008226871
89,2018/5/18,1.121627774,1.067187774,0.00236784,-0.005878511
90,2018/5/21,1.127160645,1.072355645,0.004932894,-0.000974615
91,2018/5/22,1.127028484,1.072363484,-0.000117251,-0.001091752
92,2018/5/23,1.123258034,1.068163034,-0.003345479,-0.004433578
93,2018/5/24,1.122590337,1.067490337,-0.000594429,-0.005025372
94,2018/5/25,1.120748737,1.065518737,-0.001640492,-0.00665762
95,2018/5/28,1.120748737,1.065518737,0,-0.00665762
96,2018/5/29,1.11997127,1.06487627,-0.000693703,-0.007346704
97,2018/5/30,1.118007049,1.062372049,-0.001753814,-0.009087633
98,2018/5/31,1.123811327,1.068301327,0.005191629,-0.003943184
99,2018/6/1,1.123341079,1.067006079,-0.00041844,-0.004359974
100,2018/6/4,1.127115688,1.070220688,0.003360163,-0.001014461
101,2018/6/5,1.131657904,1.074632904,0.004029947,0.003011398
102,2018/6/6,1.134519956,1.077274956,0.002529078,0.005548092
103,2018/6/7,1.131706737,1.075006737,-0.002479655,0.003054679
104,2018/6/8,1.129642871,1.072872871,-0.001823676,0.001225433
105,2018/6/11,1.129233138,1.072298138,-0.00036271,0.000862278
106,2018/6/12,1.135857217,1.078572217,0.005865998,0.006733334
107,2018/6/13,1.130630939,1.073345939,-0.004601175,0.002101178
108,2018/6/14,1.129790909,1.072120909,-0.000742975,0.001356641
109,2018/6/15,1.127964392,1.070174392,-0.001616686,-0.000262237
110,2018/6/19,1.109624207,1.052109207,-0.016259543,-0.016517516
111,2018/6/20,1.115710983,1.057465983,0.005485439,-0.011122683
112,2018/6/21,1.109558286,1.051688286,-0.005514597,-0.016575943
113,2018/6/22,1.114123838,1.056318838,0.004114747,-0.012529402
114,2018/6/25,1.106159475,1.049489475,-0.007148544,-0.019588379
115,2018/6/26,1.106815763,1.049670763,0.000593304,-0.019006697
116,2018/6/27,1.099515371,1.042790371,-0.006595851,-0.025477183
117,2018/6/28,1.099959442,1.042419442,0.000403879,-0.025083593
118,2018/6/29,1.11329705,1.05550705,0.012125545,-0.0132622
119,2018/6/30,1.11317205,1.05544705,-0.000112279,-0.01337299
120,2018/7/2,1.106143933,1.047978933,-0.006313595,-0.019602154
121,2018/7/3,1.10677483,1.04896483,0.000570358,-0.019042977
122,2018/7/4,1.10677483,1.04896483,0,-0.019042977
123,2018/7/5,1.098533019,1.040318019,-0.007446692,-0.026347861
124,2018/7/6,1.105772492,1.046592492,0.006590128,-0.019931369
125,2018/7/9,1.11947074,1.05971074,0.012387944,-0.007790334
126,2018/7/10,1.12124062,1.06155062,0.001580997,-0.006221654
127,2018/7/11,1.112958211,1.053593211,-0.007386825,-0.01356252
128,2018/7/12,1.127460534,1.066710534,0.013030429,-0.000708817
129,2018/7/13,1.131231702,1.070406702,0.003344833,0.002633646
130,2018/7/16,1.129047475,1.068342475,-0.00193084,0.000697721
131,2018/7/17,1.129027412,1.067922412,-1.78E-05,0.000679939
132,2018/7/18,1.127072256,1.065997256,-0.001731717,-0.001052955
133,2018/7/19,1.124838601,1.063938601,-0.001981821,-0.00303269
134,2018/7/20,1.133974306,1.072559306,0.008121792,0.005064471
135,2018/7/23,1.137302166,1.075772166,0.002934687,0.008014021
136,2018/7/24,1.146761041,1.084691041,0.008316941,0.016397614
137,2018/7/25,1.150779288,1.087769288,0.003503997,0.019959068
138,2018/7/26,1.142937973,1.081072973,-0.006813917,0.013009152
139,2018/7/27,1.14017159,1.07887659,-0.002420414,0.01055725
140,2018/7/30,1.136247468,1.075622468,-0.003441694,0.007079221
141,2018/7/31,1.138501321,1.077551321,0.001983594,0.009076857
142,2018/8/1,1.131709708,1.070324708,-0.005965398,0.003057312
143,2018/8/2,1.124615092,1.062765092,-0.006268937,-0.00323079
144,2018/8/3,1.122157436,1.059792436,-0.002185331,-0.005409061
145,2018/8/6,1.119720751,1.056845751,-0.002171429,-0.007568744
146,2018/8/7,1.130360959,1.067375959,0.009502555,0.001861888
147,2018/8/8,1.123534896,1.060599896,-0.006038835,-0.00418819
148,2018/8/9,1.131118981,1.068198981,0.0067502,0.002533739
149,2018/8/10,1.129957035,1.067412035,-0.001027253,0.001503883
150,2018/8/13,1.129576792,1.066896792,-0.000336512,0.001166865
151,2018/8/14,1.130475145,1.067370145,0.000795301,0.001963094
152,2018/8/15,1.120185097,1.057660097,-0.009102409,-0.007157184
153,2018/8/16,1.119412175,1.056647175,-0.000689995,-0.007842241
154,2018/8/17,1.114319114,1.051569114,-0.004549764,-0.012356325
155,2018/8/20,1.117718539,1.055178539,0.003050675,-0.009343345
156,2018/8/21,1.122871592,1.060441592,0.004610332,-0.004776089
157,2018/8/22,1.12029591,1.05772591,-0.002293835,-0.007058969
158,2018/8/23,1.121766776,1.059196776,0.001312927,-0.00575531
159,2018/8/24,1.127421442,1.063976442,0.005040857,-0.000743465
160,2018/8/27,1.13766989,1.07382989,0.009090166,0.008339942
161,2018/8/28,1.135133889,1.071628889,-0.002229118,0.006092233
162,2018/8/29,1.13661859,1.07238859,0.001307952,0.007408154
163,2018/8/30,1.132310444,1.068175444,-0.003790318,0.003589757
164,2018/8/31,1.130725654,1.066380654,-0.001399607,0.002185125
165,2018/9/3,1.130725654,1.066380654,0,0.002185125
166,2018/9/4,1.133010594,1.068985594,0.002020773,0.004210314
167,2018/9/5,1.124832231,1.061522231,-0.007218258,-0.003038335
168,2018/9/6,1.120486585,1.057766585,-0.003863373,-0.00688997
169,2018/9/7,1.120730645,1.058200645,0.000217817,-0.006673654
170,2018/9/10,1.117519698,1.054734698,-0.002865048,-0.009519582
171,2018/9/11,1.118610051,1.055260051,0.00097569,-0.00855318
172,2018/9/12,1.117210581,1.053975581,-0.00125108,-0.009793559
173,2018/9/13,1.122858419,1.059078419,0.005055303,-0.004787765
174,2018/9/14,1.120672426,1.057137426,-0.001946811,-0.006725256
175,2018/9/17,1.114169826,1.051394826,-0.005802409,-0.012488642
176,2018/9/18,1.12326108,1.05996608,0.008159667,-0.004430878
177,2018/9/19,1.12853908,1.06526908,0.004698818,0.00024712
178,2018/9/20,1.131301886,1.067441886,0.002448126,0.002695851
179,2018/9/21,1.139586892,1.076186892,0.007323427,0.010039021
180,2018/9/25,1.135671127,1.071946127,-0.003436127,0.006568399
181,2018/9/26,1.139414825,1.075574825,0.003296463,0.009886514
182,2018/9/27,1.138277691,1.073837691,-0.000997998,0.008878649
183,2018/9/28,1.141319479,1.076759479,0.002672272,0.011574647
184,2018/10/8,1.123661977,1.061201977,-0.015471129,-0.004075555
185,2018/10/9,1.123185793,1.060510793,-0.000423779,-0.004497607
186,2018/10/10,1.109273405,1.049188405,-0.012386542,-0.016828439
187,2018/10/11,1.085620777,1.026175777,-0.021322632,-0.037792244
188,2018/10/12,1.097090887,1.035955887,0.010565485,-0.027626053
189,2018/10/15,1.090471198,1.030031198,-0.006033857,-0.033493218
190,2018/10/16,1.09578115,1.03367115,0.004869411,-0.028786899
191,2018/10/17,1.097037396,1.034927396,0.001146439,-0.027673463
192,2018/10/18,1.084041378,1.023101378,-0.011846468,-0.039192098
193,2018/10/19,1.094596116,1.033636116,0.009736472,-0.029837218
194,2018/10/22,1.106010617,1.044910617,0.010428047,-0.019720315
195,2018/10/23,1.096412538,1.035407538,-0.008678107,-0.028227287
196,2018/10/24,1.083199127,1.024879127,-0.012051496,-0.039938602
197,2018/10/25,1.091217383,1.030992383,0.007402384,-0.032831858
198,2018/10/26,1.083257287,1.024362287,-0.007294693,-0.039887053
199,2018/10/29,1.070502844,1.012862844,-0.011774158,-0.051191575
200,2018/10/30,1.080424434,1.021794434,0.009268159,-0.042397868
201,2018/10/31,1.090104377,1.030134377,0.00895939,-0.033818338
202,2018/11/1,1.095992399,1.035167399,0.005401337,-0.028599665
203,2018/11/2,1.101108929,1.041393929,0.0046684,-0.02406478
204,2018/11/5,1.099223192,1.040078192,-0.00171258,-0.025736147
205,2018/11/6,1.101413763,1.041758763,0.001992836,-0.023794599
206,2018/11/7,1.108301387,1.046921387,0.006253439,-0.017689958
207,2018/11/8,1.106430343,1.045300343,-0.001688209,-0.019348303
208,2018/11/9,1.100081482,1.039781482,-0.005738148,-0.024975428
209,2018/11/12,1.09638009,1.03766509,-0.003364653,-0.028256047
210,2018/11/13,1.100105436,1.041250436,0.003397861,-0.024954196
211,2018/11/14,1.093090241,1.034895241,-0.006376839,-0.031171906
212,2018/11/15,1.102633427,1.043458427,0.008730465,-0.022713586
213,2018/11/16,1.105038231,1.046063231,0.002180964,-0.02058216
214,2018/11/19,1.098966786,1.041936786,-0.005494331,-0.025963405
215,2018/11/20,1.084382032,1.028272032,-0.013271333,-0.038890169
216,2018/11/21,1.087748864,1.031098864,0.003104839,-0.035906077
217,2018/11/22,1.087748864,1.031098864,0,-0.035906077
218,2018/11/23,1.078532074,1.022397074,-0.00847327,-0.044075105
219,2018/11/26,1.08606902,1.02857402,0.006988152,-0.037394957
220,2018/11/27,1.087032151,1.029347151,0.000886805,-0.036541314
221,2018/11/28,1.100250994,1.040795994,0.012160489,-0.024825186
222,2018/11/29,1.094814632,1.035659632,-0.00494102,-0.029643544
223,2018/11/30,1.100434118,1.040809118,0.00513282,-0.024662879
224,2018/12/3,1.114451431,1.053836431,0.012737984,-0.01223905
225,2018/12/4,1.099294383,1.041249383,-0.013600456,-0.025673049
226,2018/12/5,1.099294383,1.041249383,0,-0.025673049
227,2018/12/6,1.092056884,1.033941884,-0.006583768,-0.032087792
228,2018/12/7,1.08287124,1.02650124,-0.008411323,-0.040229214
229,2018/12/10,1.081990034,1.025045034,-0.000813768,-0.041010245
230,2018/12/11,1.085068957,1.027708957,0.002845611,-0.038281333
231,2018/12/12,1.088366381,1.030466381,0.003038907,-0.035358759
232,2018/12/13,1.090363704,1.032678704,0.001835156,-0.033588492
233,2018/12/14,1.07828274,1.02202274,-0.011079756,-0.044296096
234,2018/12/17,1.070992101,1.015802101,-0.006761342,-0.050757937
235,2018/12/18,1.069650881,1.014150881,-0.001252316,-0.051946688
236,2018/12/19,1.061024498,1.006724498,-0.008064672,-0.059592426
237,2018/12/20,1.054725871,1.001190871,-0.005936363,-0.065175027
238,2018/12/21,1.045134957,0.993294957,-0.009093277,-0.073675649
239,2018/12/24,1.038699571,0.987924571,-0.006157469,-0.079379463
240,2018/12/25,1.038699571,0.987924571,0,-0.079379463
241,2018/12/26,1.04000286,0.98638786,0.001254732,-0.07822433
242,2018/12/27,1.041896163,0.988031163,0.001820478,-0.076546258
243,2018/12/28,1.041803442,0.988178442,-8.90E-05,-0.076628438
244,2018/12/31,1.042108442,0.988128442,0.000292762,-0.076358111
245,2019/1/2,1.041805194,0.987700194,-0.000290994,-0.076626885
246,2019/1/3,1.03348464,0.98097964,-0.00798667,-0.084001561
247,2019/1/4,1.051257936,0.996542936,0.017197445,-0.068248728
248,2019/1/7,1.055881536,1.000701536,0.00439816,-0.064150737
249,2019/1/8,1.057757192,1.002162192,0.001776389,-0.062488305
250,2019/1/9,1.061833705,1.005738705,0.003853921,-0.058875209
251,2019/1/10,1.061230976,1.005270976,-0.00056763,-0.059409421
252,2019/1/11,1.060918197,1.005318197,-0.000294732,-0.059686643
253,2019/1/14,1.054931063,1.000116063,-0.005643351,-0.064993161
254,2019/1/15,1.063155447,1.007345447,0.007796134,-0.057703722
255,2019/1/16,1.064479836,1.008619836,0.001245715,-0.05652989
256,2019/1/17,1.065896097,1.009661097,0.001330473,-0.055274629
257,2019/1/18,1.074537917,1.017722917,0.008107563,-0.047615208
258,2019/1/21,1.074537917,1.017722917,0,-0.047615208
259,2019/1/22,1.071569851,1.015689851,-0.002762179,-0.050245865
260,2019/1/23,1.073168523,1.017108523,0.001491897,-0.04882893
261,2019/1/24,1.074823407,1.018543407,0.001542054,-0.047362173
262,2019/1/25,1.079796541,1.022731541,0.004626932,-0.042954383
263,2019/1/28,1.074688981,1.018723981,-0.004730114,-0.047481317
264,2019/1/29,1.07322863,1.01786863,-0.001358859,-0.048775655
265,2019/1/30,1.076476414,1.019741414,0.003026181,-0.045897079
266,2019/1/31,1.080394782,1.023139782,0.003639995,-0.042424149
267,2019/2/1,1.087869174,1.030814174,0.006918204,-0.035799444
268,2019/2/11,1.098091916,1.040421916,0.009397033,-0.02673882
269,2019/2/12,1.107677257,1.048952257,0.008729088,-0.018243138
270,2019/2/13,1.114277422,1.055622422,0.005958563,-0.012393277
271,2019/2/14,1.114147715,1.055372715,-0.000116404,-0.012508239
272,2019/2/15,1.113063219,1.054133219,-0.000973386,-0.01346945
273,2019/2/18,1.113063219,1.054133219,0,-0.01346945
274,2019/2/19,1.124482111,1.065442111,0.010258978,-0.003348654
275,2019/2/20,1.125670956,1.066720956,0.001057238,-0.002294957
276,2019/2/21,1.12092459,1.06249459,-0.004216477,-0.006501757
277,2019/2/22,1.131110033,1.072315033,0.009086645,0.002525808
278,2019/2/25,1.15177547,1.09281047,0.018270049,0.020842004
279,2019/2/26,1.147307353,1.088432353,-0.003879329,0.016881822
280,2019/2/27,1.144241599,1.085496599,-0.00267213,0.014164582
281,2019/2/28,1.143420337,1.084780337,-0.000717735,0.01343668
282,2019/3/1,1.152756375,1.093646375,0.00816501,0.021711401
283,2019/3/4,1.15716122,1.09798122,0.003821142,0.025615505
284,2019/3/5,1.162298647,1.103118647,0.004439681,0.03016891
285,2019/3/6,1.165575815,1.106695815,0.002819558,0.033073531
286,2019/3/7,1.160287451,1.102007451,-0.004537126,0.028386347
287,2019/3/8,1.146054036,1.087759036,-0.012267146,0.015770981
288,2019/3/11,1.165095397,1.105655397,0.016614715,0.032647727
289,2019/3/12,1.171966593,1.112296593,0.005897539,0.038737808
290,2019/3/13,1.167679938,1.107589938,-0.00365766,0.034938458
291,2019/3/14,1.160657947,1.100757947,-0.006013627,0.028714724
292,2019/3/15,1.168686576,1.108161576,0.006917309,0.035830662
293,2019/3/18,1.180091907,1.119491907,0.009759102,0.045939438
294,2019/3/19,1.18007243,1.11930743,-1.65E-05,0.045922176
295,2019/3/20,1.177902786,1.116852786,-0.001838569,0.043999176
296,2019/3/21,1.184254514,1.122559514,0.005392405,0.049628842
297,2019/3/22,1.177268689,1.116783689,-0.005898922,0.043437163
298,2019/3/25,1.170858479,1.110318479,-0.005444985,0.037755663
299,2019/3/26,1.165892455,1.105137455,-0.004241352,0.033354176
300,2019/3/27,1.168839904,1.108334904,0.002528062,0.035966559
301,2019/3/28,1.167336136,1.106626136,-0.001286547,0.03463374
302,2019/3/29,1.184058194,1.122833194,0.014324972,0.049454839
303,2019/4/1,1.202342732,1.140517732,0.015442263,0.065660796
304,2019/4/2,1.201845822,1.139880822,-0.000413285,0.065220375
305,2019/4/3,1.208503622,1.146158622,0.005539646,0.071121319
306,2019/4/4,1.212150443,1.149960443,0.003017633,0.07435357
307,2019/4/8,1.214149799,1.151364799,0.001649429,0.07612564
308,2019/4/9,1.212721682,1.150236682,-0.001176228,0.074859871
309,2019/4/10,1.214489232,1.151699232,0.001457507,0.076426486
310,2019/4/11,1.20500269,1.14236269,-0.007811137,0.068018371
311,2019/4/12,1.207420935,1.144410935,0.002006838,0.070161711
312,2019/4/15,1.202364514,1.139449514,-0.004187786,0.065680103
313,2019/4/16,1.212817005,1.149717005,0.008693279,0.074944358
314,2019/4/17,1.212842979,1.149532979,2.14E-05,0.074967379
315,2019/4/18,1.209576754,1.146376754,-0.002693032,0.072072458
316,2019/4/19,1.209576754,1.146376754,0,0.072072458
317,2019/4/22,1.207015949,1.143525949,-0.002117108,0.069802764
318,2019/4/23,1.206902074,1.142637074,-9.43E-05,0.069701834
319,2019/4/24,1.209638007,1.145468007,0.002266905,0.072126747
320,2019/4/25,1.199585455,1.135095455,-0.00831038,0.063216966
321,2019/4/26,1.198559431,1.133994431,-0.000855316,0.06230758
322,2019/4/29,1.196039024,1.131379024,-0.002102864,0.060073692
323,2019/4/30,1.197333503,1.133143503,0.001082305,0.061221015
324,2019/5/6,1.167861364,1.103531364,-0.024614812,0.03509926
325,2019/5/7,1.167979931,1.104599931,0.000101525,0.035204348
326,2019/5/8,1.162854157,1.099664157,-0.004388581,0.03066127
327,2019/5/9,1.157299307,1.094319307,-0.00477691,0.025737894
328,2019/5/10,1.174723068,1.111473068,0.015055535,0.041180927
329,2019/5/13,1.160112234,1.098907234,-0.012437684,0.028231048
330,2019/5/14,1.164694251,1.102514251,0.003949632,0.032292183
331,2019/5/15,1.1786884,1.1154134,0.012015299,0.044695481
332,2019/5/16,1.184698536,1.120773536,0.005099004,0.050022387
333,2019/5/17,1.171762815,1.108287815,-0.010918999,0.038557194
334,2019/5/20,1.165251154,1.102676154,-0.005557149,0.032785777
335,2019/5/21,1.173720134,1.110550134,0.007267944,0.040292006
336,2019/5/22,1.170741582,1.107811582,-0.002537702,0.037652055
337,2019/5/23,1.157900156,1.095885156,-0.010968625,0.026270439
338,2019/5/24,1.158660566,1.096705566,0.000656715,0.026944406
339,2019/5/27,1.158660566,1.096705566,0,0.026944406
340,2019/5/28,1.169414372,1.107669372,0.009281239,0.036475722
341,2019/5/29,1.165491231,1.104236231,-0.003354792,0.032998562
342,2019/5/30,1.163721515,1.102231515,-0.001518429,0.031430028
343,2019/5/31,1.158894132,1.098349132,-0.004148229,0.027151419
344,2019/6/3,1.155082024,1.095832024,-0.003289435,0.023772671
345,2019/6/4,1.160317332,1.099572332,0.004532413,0.028412831
346,2019/6/5,1.164718046,1.103453046,0.003792681,0.032313273
347,2019/6/6,1.161581644,1.099826644,-0.002692842,0.029533416
348,2019/6/10,1.173540622,1.109965622,0.010295426,0.040132901
349,2019/6/11,1.18635245,1.12267745,0.010917243,0.051488285
350,2019/6/12,1.18302945,1.11968945,-0.002801023,0.048543042
351,2019/6/13,1.185534575,1.121874575,0.002117551,0.050763385
352,2019/6/14,1.181697911,1.118282911,-0.00323623,0.047362873
353,2019/6/17,1.180729382,1.116929382,-0.000819608,0.046504446
354,2019/6/18,1.186881476,1.122211476,0.005210418,0.051957171
355,2019/6/19,1.193088901,1.128208901,0.005230029,0.057458938
356,2019/6/20,1.208983588,1.143623588,0.013322299,0.071546722
357,2019/6/21,1.210430305,1.145450305,0.001196639,0.072828977
358,2019/6/24,1.211488091,1.146528091,0.000873892,0.073766514
359,2019/6/25,1.2058517,1.1418817,-0.004652453,0.068770866
360,2019/6/26,1.205022151,1.140657151,-0.000687936,0.06803562
361,2019/6/27,1.211969919,1.147289919,0.005765676,0.074193568
362,2019/6/28,1.2123669,1.1476019,0.00032755,0.07454542
363,2019/6/30,1.2122719,1.1475569,-7.84E-05,0.07446122
364,2019/7/1,1.22630387,1.16083887,0.011574937,0.08689804
365,2019/7/2,1.226555093,1.161020093,0.000204862,0.087120704
366,2019/7/3,1.228622558,1.162492558,0.001685587,0.088953141
367,2019/7/4,1.228622558,1.162492558,0,0.088953141
368,2019/7/5,1.229601797,1.163551797,0.000797022,0.08982106
369,2019/7/8,1.218074849,1.152299849,-0.009374537,0.079604492
370,2019/7/9,1.218277108,1.152197108,0.000166048,0.079783758
371,2019/7/10,1.219043437,1.152338437,0.000629027,0.080462971
372,2019/7/11,1.221800211,1.155325211,0.002261424,0.082906356
373,2019/7/12,1.226077032,1.159247032,0.003500426,0.086696989
374,2019/7/15,1.231276388,1.164251388,0.004240644,0.091305284
375,2019/7/16,1.229481956,1.162736956,-0.001457376,0.089714842
376,2019/7/17,1.226484766,1.159939766,-0.002437766,0.087058372
377,2019/7/18,1.224017337,1.157417337,-0.002011789,0.084871439
378,2019/7/19,1.226005277,1.160075277,0.001624111,0.086633391
379,2019/7/22,1.235393518,1.168788518,0.007657586,0.09495438
380,2019/7/23,1.240365594,1.173320594,0.00402469,0.099361232
381,2019/7/24,1.246763549,1.179238549,0.005158121,0.10503187
382,2019/7/25,1.246423293,1.179663293,-0.000272911,0.104730294
383,2019/7/26,1.250604669,1.183079669,0.003354699,0.108436332
384,2019/7/29,1.250433089,1.183123089,-0.000137198,0.108284257
385,2019/7/30,1.252507491,1.185452491,0.001658947,0.110122842
386,2019/7/31,1.244761643,1.178561643,-0.006184273,0.10325754
387,2019/8/1,1.237866476,1.171966476,-0.005539348,0.097146213
388,2019/8/2,1.231855929,1.166810929,-0.004855569,0.091818943
389,2019/8/5,1.216102346,1.153152346,-0.012788495,0.077856222
390,2019/8/6,1.219259348,1.155024348,0.002596,0.080654337
391,2019/8/7,1.222704867,1.157929867,0.002825912,0.083708171
392,2019/8/8,1.23931412,1.17308412,0.013584024,0.098429289
393,2019/8/9,1.232688502,1.166993502,-0.005346198,0.092556869
394,2019/8/12,1.236625426,1.171540426,0.003193771,0.096046245
395,2019/8/13,1.242092652,1.175547652,0.004421084,0.100891958
396,2019/8/14,1.230186119,1.165571119,-0.009585865,0.090338956
397,2019/8/15,1.233204845,1.168679845,0.002453878,0.093014515
398,2019/8/16,1.242144223,1.176534223,0.007248899,0.100937667
399,2019/8/19,1.258026578,1.191426578,0.012786241,0.115014521
400,2019/8/20,1.253480669,1.187245669,-0.003613524,0.11098539
401,2019/8/21,1.25710082,1.19031582,0.002888078,0.114194002
402,2019/8/22,1.258356278,1.191731278,0.000998693,0.11530674
403,2019/8/23,1.249711255,1.185021255,-0.006870092,0.107644481
404,2019/8/26,1.252969394,1.187374394,0.002607113,0.110532236
405,2019/8/27,1.258791355,1.193051355,0.004646531,0.115692358
406,2019/8/28,1.261150361,1.195195361,0.001874024,0.117783193
407,2019/8/29,1.266099016,1.199174016,0.003923922,0.122169287
408,2019/8/30,1.264113461,1.197268461,-0.001568247,0.120409449
409,2019/9/2,1.264113461,1.197268461,0,0.120409449
410,2019/9/3,1.272286963,1.206111963,0.006465798,0.12765379
411,2019/9/4,1.280948947,1.213873947,0.0068082,0.135331082
412,2019/9/5,1.291253731,1.223018731,0.008044648,0.144464422
413,2019/9/6,1.290237267,1.222087267,-0.000787191,0.143563509
414,2019/9/9,1.295199936,1.227229936,0.003846323,0.147962024
415,2019/9/10,1.292146974,1.224331974,-0.002357136,0.145256121
416,2019/9/11,1.293029881,1.224609881,0.000683287,0.146038659
417,2019/9/12,1.297000043,1.228320043,0.003070433,0.149557495
418,2019/9/16,1.292828627,1.224883627,-0.003216203,0.145860284
419,2019/9/17,1.286896525,1.218576525,-0.004588467,0.140602542
420,2019/9/18,1.288969675,1.220659675,0.001610969,0.142440017
421,2019/9/19,1.292258072,1.223833072,0.002551183,0.14535459
422,2019/9/20,1.290708629,1.222913629,-0.00119902,0.143981287
423,2019/9/23,1.286333468,1.218583468,-0.003389735,0.140103493
424,2019/9/24,1.285442182,1.218537182,-0.000692889,0.139313528
425,2019/9/25,1.284441863,1.216801863,-0.000778191,0.138426925
426,2019/9/26,1.273977428,1.206597428,-0.008147068,0.129152083
427,2019/9/27,1.274294716,1.207659716,0.000249053,0.129433302
428,2019/9/30,1.273969189,1.206774189,-0.000255456,0.129144781
429,2019/10/8,1.263506006,1.197521006,-0.008213058,0.11987105
430,2019/10/9,1.270857149,1.204162149,0.005818051,0.126386517
431,2019/10/10,1.279004407,1.211894407,0.006410837,0.133607597
432,2019/10/11,1.28542913,1.21747413,0.005023221,0.13930196
433,2019/10/14,1.288343629,1.220413629,0.002267336,0.14188514
434,2019/10/15,1.292785887,1.224040887,0.003448038,0.145822403
435,2019/10/16,1.291494209,1.222899209,-0.000999143,0.144677562
436,2019/10/17,1.293330176,1.224520176,0.001421584,0.146304817
437,2019/10/18,1.284437807,1.216337807,-0.00687556,0.13842333
438,2019/10/21,1.288898385,1.220213385,0.003472786,0.142376831
439,2019/10/22,1.290146203,1.222031203,0.000968128,0.143482798
440,2019/10/23,1.289138724,1.220818724,-0.000780903,0.142589848
441,2019/10/24,1.290020342,1.221090342,0.000683882,0.143371244
442,2019/10/25,1.297822355,1.228342355,0.006047977,0.150286327
443,2019/10/28,1.305613844,1.235448844,0.006003509,0.157192082
444,2019/10/29,1.300247046,1.230752046,-0.004110556,0.15243538
445,2019/10/30,1.300608597,1.230838597,0.000278063,0.152755829
446,2019/10/31,1.297383026,1.227653026,-0.002480047,0.149896941
447,2019/11/1,1.307404606,1.237124606,0.007724457,0.15877927
448,2019/11/4,1.311412676,1.240782676,0.003065669,0.162331704
449,2019/11/5,1.314096841,1.243471841,0.002046774,0.164710734
450,2019/11/6,1.308460469,1.238235469,-0.00428916,0.159715104
451,2019/11/7,1.310926802,1.240551802,0.001884912,0.161901065
452,2019/11/8,1.308152775,1.237542775,-0.002116081,0.159442388
453,2019/11/11,1.298067904,1.227587904,-0.007709246,0.150503962
454,2019/11/12,1.298942214,1.228232214,0.000673548,0.151278881
455,2019/11/13,1.300892964,1.230182964,0.001501799,0.15300787
456,2019/11/14,1.303336186,1.232581186,0.001878112,0.155173348
457,2019/11/15,1.302250311,1.231010311,-0.000833151,0.154210914
458,2019/11/18,1.306935996,1.235645996,0.003598145,0.158363932
459,2019/11/19,1.314378981,1.243018981,0.005694988,0.164960801
460,2019/11/20,1.309808616,1.238793616,-0.003477204,0.160909994
461,2019/11/21,1.307846421,1.236876421,-0.001498078,0.159170861
462,2019/11/22,1.303528463,1.232423463,-0.003301579,0.155343767
463,2019/11/25,1.306964612,1.234954612,0.002636037,0.158389295
464,2019/11/26,1.309523716,1.237448716,0.001958051,0.160657481
465,2019/11/27,1.310874825,1.238299825,0.001031756,0.161854996
466,2019/11/28,1.310794825,1.238299825,-6.10E-05,0.161784091
467,2019/11/29,1.307057457,1.234887457,-0.002851223,0.158471585
468,2019/12/2,1.30308281,1.23173281,-0.003040912,0.154948775
469,2019/12/3,1.302371428,1.231516428,-0.000545922,0.154318263
470,2019/12/4,1.307333278,1.235973278,0.003809858,0.158716052
471,2019/12/5,1.313283986,1.241678986,0.004551791,0.163990285
472,2019/12/6,1.318944324,1.246739324,0.004310064,0.169007157
473,2019/12/9,1.316628372,1.244708372,-0.001755913,0.166954482
474,2019/12/10,1.317155627,1.245305627,0.000400458,0.167421798
475,2019/12/11,1.317777029,1.245547029,0.000471776,0.16797256
476,2019/12/12,1.320043839,1.247403839,0.001720178,0.16998168
477,2019/12/13,1.327517177,1.254797177,0.005661431,0.176605451
478,2019/12/16,1.334051687,1.260896687,0.004922355,0.18239712
479,2019/12/17,1.34025838,1.26700838,0.004652513,0.187898238
480,2019/12/18,1.338676172,1.265386172,-0.001180525,0.186495895
481,2019/12/19,1.341356942,1.267521942,0.002002553,0.188871916
482,2019/12/20,1.341821522,1.267676522,0.00034635,0.189283682
483,2019/12/23,1.335653582,1.261288582,-0.004596692,0.183816912
484,2019/12/24,1.340192339,1.265797339,0.003398155,0.187839705
485,2019/12/25,1.340137339,1.265797339,-4.10E-05,0.187790957
486,2019/12/26,1.346342353,1.271647353,0.004630133,0.193290587
487,2019/12/27,1.344012753,1.269307753,-0.001730318,0.191225815
488,2019/12/30,1.347607885,1.273487885,0.002674924,0.194412254
489,2019/12/31,1.351325337,1.277065337,0.002758556,0.197707107
490,2020/1/2,1.363138537,1.287903537,0.008741937,0.208177387
491,2020/1/3,1.362736412,1.288066412,-0.000294999,0.207820975
492,2020/1/6,1.369312425,1.294182425,0.004825594,0.213649429
493,2020/1/7,1.372990688,1.297900688,0.002686211,0.216909548
494,2020/1/8,1.368445282,1.293055282,-0.003310588,0.212880862
495,2020/1/9,1.377873151,1.301803151,0.006889475,0.221236974
496,2020/1/10,1.376103776,1.300378776,-0.001284135,0.219668741
497,2020/1/13,1.385401155,1.308926155,0.006756307,0.227909197
498,2020/1/14,1.379352444,1.303497444,-0.004366035,0.222548102
499,2020/1/15,1.378948515,1.303188515,-0.00029284,0.222190091
500,2020/1/16,1.382320389,1.305885389,0.00244525,0.225178651
501,2020/1/17,1.38504267,1.30813267,0.001969356,0.227591465
502,2020/1/20,1.38480767,1.30813267,-0.00016967,0.227383179
503,2020/1/21,1.388773353,1.312228353,0.002863706,0.230898044
504,2020/1/22,1.393887478,1.316907478,0.003682476,0.235430797
505,2020/1/23,1.378348905,1.301098905,-0.011147652,0.221658644
506,2020/2/3,1.337435628,1.260585628,-0.029682816,0.185396376
507,2020/2/4,1.360911551,1.281736551,0.017552936,0.206203563
508,2020/2/5,1.372332652,1.292822652,0.008392244,0.216326318
509,2020/2/6,1.387796775,1.307496775,0.011268494,0.230032483
510,2020/2/7,1.386064198,1.306314198,-0.001248437,0.228496865
511,2020/2/10,1.396863299,1.316138299,0.007791199,0.238068328
512,2020/2/11,1.400377769,1.319622769,0.002515972,0.241183274
513,2020/2/12,1.409802605,1.328472605,0.00673021,0.249536698
514,2020/2/13,1.407302756,1.326032756,-0.001773191,0.247321031
515,2020/2/14,1.410951496,1.329461496,0.002592719,0.250554984
516,2020/2/17,1.410896496,1.329461496,-3.90E-05,0.250506236
517,2020/2/18,1.429055723,1.347560723,0.012870701,0.266601127
518,2020/2/19,1.431958932,1.349613932,0.002031558,0.269174301
519,2020/2/20,1.441030822,1.359460822,0.006335301,0.277214902
520,2020/2/21,1.443441211,1.363141211,0.001672684,0.279351278
521,2020/2/24,1.431506846,1.354191846,-0.008267996,0.268773608
522,2020/2/25,1.417028396,1.341763396,-0.010114132,0.255941063
523,2020/2/26,1.403111598,1.327656598,-0.009821114,0.243606323
524,2020/2/27,1.386310907,1.314485907,-0.011973881,0.228715529
525,2020/2/28,1.357375279,1.285450279,-0.020872394,0.203069294
526,2020/3/2,1.394007525,1.318872525,0.026987559,0.235537198
527,2020/3/3,1.384164373,1.311539373,-0.007061046,0.226813012
528,2020/3/4,1.407541688,1.332071688,0.016889117,0.247532801
529,2020/3/5,1.401984586,1.328934586,-0.00394809,0.242607429
530,2020/3/6,1.389713069,1.317918069,-0.008752962,0.231730934
531,2020/3/9,1.336331823,1.269356823,-0.038411704,0.18441805
532,2020/3/10,1.367163102,1.296663102,0.023071574,0.21174444
533,2020/3/11,1.341981308,1.274371308,-0.018419012,0.189425304
534,2020/3/12,1.29276552,1.23153052,-0.036673974,0.145804351
535,2020/3/13,1.318897864,1.250962864,0.020214295,0.168965979
536,2020/3/16,1.238135219,1.178675219,-0.06123495,0.097384406
537,2020/3/17,1.25442256,1.19112756,0.013154735,0.111820206
538,2020/3/18,1.23338988,1.17242488,-0.016766822,0.093178515
539,2020/3/19,1.233853068,1.171758068,0.000375541,0.093589048
540,2020/3/20,1.230600387,1.170545387,-0.002636198,0.090706131
541,2020/3/23,1.20405694,1.14404194,-0.02156951,0.067180134
542,2020/3/24,1.254808424,1.190178424,0.042150402,0.112162206
543,2020/3/25,1.271042538,1.207337538,0.012937524,0.126550831
544,2020/3/26,1.289376811,1.222266811,0.014424594,0.14280087
545,2020/3/27,1.273990094,1.209570094,-0.011933453,0.12916331
546,2020/3/30,1.280178778,1.213293778,0.004857717,0.134648466
547,2020/3/31,1.279383267,1.212733267,-0.000621406,0.133943388
548,2020/4/1,1.258811085,1.194916085,-0.016079765,0.115709845
549,2020/4/2,1.278746049,1.213431049,0.015836343,0.133378609
550,2020/4/3,1.272754268,1.208214268,-0.004685669,0.128067972
551,2020/4/7,1.313912405,1.245332405,0.03233785,0.164547265
552,2020/4/8,1.322455097,1.252820097,0.006501721,0.172118827
553,2020/4/9,1.332596829,1.262821829,0.007668867,0.18110765
554,2020/4/10,1.332421829,1.262821829,-0.000131323,0.180952544
555,2020/4/13,1.323786829,1.253466829,-0.00648068,0.173299168
556,2020/4/14,1.350575148,1.277245148,0.020236127,0.197042199
557,2020/4/15,1.337880042,1.265355042,-0.009399778,0.185790268
558,2020/4/16,1.347460867,1.273310867,0.007161199,0.194281949
559,2020/4/17,1.359173555,1.284423555,0.008692414,0.204663142
560,2020/4/20,1.354627938,1.280807938,-0.003344398,0.200634269
561,2020/4/21,1.338750264,1.267440264,-0.011721059,0.186561564
562,2020/4/22,1.355181176,1.281616176,0.012273321,0.201124616
563,2020/4/23,1.354648049,1.281293049,-0.000393399,0.200652094
564,2020/4/24,1.356980831,1.282530831,0.001722058,0.202719686
565,2020/4/27,1.366189397,1.291424397,0.006786069,0.210881426
566,2020/4/28,1.365385606,1.291885606,-0.000588346,0.210169009
567,2020/4/29,1.378330052,1.302370052,0.009480433,0.221641935
568,2020/4/30,1.382735863,1.306785863,0.003196485,0.225546895
569,2020/5/6,1.379933744,1.303988744,-0.002026504,0.223063319
570,2020/5/7,1.385390718,1.308235718,0.003954519,0.227899947
571,2020/5/8,1.398110473,1.320140473,0.009181348,0.239173724
572,2020/5/11,1.395129684,1.316564684,-0.002132012,0.23653179
573,2020/5/12,1.389843692,1.312623692,-0.003788889,0.231846708
574,2020/5/13,1.386287652,1.310012652,-0.00255859,0.228694918
575,2020/5/14,1.386464008,1.309349008,0.000127215,0.228851226
576,2020/5/15,1.388754941,1.311184941,0.001652357,0.230881726
577,2020/5/18,1.406353926,1.327203926,0.012672491,0.246480064
578,2020/5/19,1.404221409,1.325466409,-0.001516344,0.244589971
579,2020/5/20,1.409290682,1.328940682,0.003610024,0.249082971
580,2020/5/21,1.399988132,1.320603132,-0.006600874,0.240837931
581,2020/5/22,1.390452719,1.310702719,-0.006811067,0.232386501
582,2020/5/25,1.390757719,1.310702719,0.000219353,0.232656829
583,2020/5/26,1.400784855,1.320829855,0.007209837,0.241544083
584,2020/5/27,1.398388275,1.318233275,-0.001710884,0.239419945
585,2020/5/28,1.399794669,1.319624669,0.001005725,0.240666461
586,2020/5/29,1.407746215,1.326411215,0.005680509,0.247714078
587,2020/6/1,1.427074613,1.345394613,0.01373003,0.264845229
588,2020/6/2,1.428213568,1.346223568,0.000798105,0.265854708
589,2020/6/3,1.433506617,1.351241617,0.003706063,0.270546046
590,2020/6/4,1.430818485,1.349218485,-0.001875214,0.2681635
591,2020/6/5,1.445075231,1.361965231,0.009964049,0.280799543
592,2020/6/8,1.448336691,1.364706691,0.002256948,0.283690241
593,2020/6/9,1.448875082,1.364930082,0.000371731,0.284167428
594,2020/6/10,1.452501106,1.367551106,0.002502648,0.287381247
595,2020/6/11,1.422585238,1.341815238,-0.020596107,0.260866205
596,2020/6/12,1.432377212,1.350697212,0.006883225,0.269545031
597,2020/6/15,1.434069996,1.351429996,0.0011818,0.271045379
598,2020/6/16,1.450822409,1.366972409,0.011681726,0.285893384
599,2020/6/17,1.45119754,1.36694254,0.000258565,0.28622587
600,2020/6/18,1.453964854,1.369439854,0.001906918,0.288678597
601,2020/6/19,1.462503693,1.377993693,0.005872796,0.296246743
602,2020/6/22,1.46937075,1.38395075,0.004695412,0.302333155
603,2020/6/23,1.477332844,1.391517844,0.00541871,0.309390121
604,2020/6/24,1.468701824,1.384696824,-0.005842299,0.301740272
605,2020/6/29,1.471342266,1.387367266,0.001797807,0.30408055
606,2020/6/30,1.491562712,1.406037712,0.013742857,0.322002343
607,2020/7/1,1.499434513,1.413039513,0.005277553,0.328979279
608,2020/7/2,1.504987971,1.418257971,0.003703702,0.333901422
609,2020/7/3,1.505077971,1.418257971,5.98E-05,0.333981191
610,2020/7/6,1.542121292,1.453176292,0.024612227,0.36681344
611,2020/7/7,1.547331167,1.459481167,0.003378382,0.371431057
612,2020/7/8,1.565492863,1.476632863,0.011737433,0.387528138
613,2020/7/9,1.581607746,1.492207746,0.010293808,0.401811085
614,2020/7/10,1.579024449,1.489164449,-0.001633336,0.399521457
615,2020/7/13,1.592642047,1.504617047,0.008624058,0.411591011
616,2020/7/14,1.592529726,1.503769726,-7.05E-05,0.411491458
617,2020/7/15,1.588707974,1.499872974,-0.002399799,0.408104162
618,2020/7/16,1.55719082,1.46905582,-0.019838229,0.380169869
619,2020/7/17,1.565374169,1.476924169,0.005255199,0.387422936
620,2020/7/20,1.586976539,1.496166539,0.013800132,0.406569556
621,2020/7/21,1.591232318,1.501452318,0.00268169,0.410341539
622,2020/7/22,1.601522001,1.511637001,0.006466487,0.419461495
623,2020/7/23,1.59689616,1.50906616,-0.002888404,0.415361517
624,2020/7/24,1.559805433,1.472725433,-0.023226762,0.382487252
625,2020/7/27,1.568261988,1.479551988,0.005421545,0.389982469
626,2020/7/28,1.572053796,1.484648796,0.002417841,0.393343226
627,2020/7/29,1.598078842,1.509543842,0.016554806,0.416409753
628,2020/7/30,1.590121213,1.501246213,-0.004979497,0.409356745
629,2020/7/31,1.605354424,1.515049424,0.009579905,0.422858249
630,2020/8/3,1.623412622,1.531757622,0.01124873,0.438863597
631,2020/8/4,1.622563631,1.530813631,-0.000522967,0.438111119
632,2020/8/5,1.63393856,1.54202856,0.007010467,0.44819295
633,2020/8/6,1.632303951,1.539683951,-0.00100041,0.446744163
634,2020/8/7,1.621093249,1.529493249,-0.006868023,0.43680789
635,2020/8/10,1.624081915,1.532591915,0.001843611,0.439456805
636,2020/8/11,1.608043922,1.518128922,-0.009875113,0.425242006
637,2020/8/12,1.598674583,1.506679583,-0.005826544,0.41693777
638,2020/8/13,1.596727584,1.504782584,-0.001217883,0.415212105
639,2020/8/14,1.609139142,1.517334142,0.007773122,0.426212722
640,2020/8/17,1.626061011,1.533351011,0.0105161,0.441210918
641,2020/8/18,1.632733855,1.539208855,0.004103686,0.447125195
642,2020/8/19,1.612533442,1.519828442,-0.012372141,0.429221159
643,2020/8/20,1.605481449,1.511396449,-0.004373239,0.422970834
644,2020/8/21,1.614570971,1.520105971,0.005661556,0.431027062
645,2020/8/24,1.631145243,1.536015243,0.010265434,0.445717176
646,2020/8/25,1.634372983,1.538512983,0.001978818,0.448577988
647,2020/8/26,1.629048229,1.531383229,-0.00325798,0.44385855
648,2020/8/27,1.635899817,1.538834817,0.004205885,0.449931252
649,2020/8/28,1.656529328,1.558949328,0.012610497,0.468215606
650,2020/8/31,1.649797346,1.551762346,-0.004063908,0.462248914
651,2020/9/1,1.660772756,1.561532756,0.006652581,0.471976643
652,2020/9/2,1.666024305,1.566019305,0.003162112,0.476631198
653,2020/9/3,1.638131007,1.542951007,-0.016742432,0.4519088
654,2020/9/4,1.627500285,1.533360285,-0.006489543,0.442486575
655,2020/9/7,1.627525285,1.533360285,1.54E-05,0.442508733
656,2020/9/8,1.60492646,1.51481646,-0.013885391,0.422478936
657,2020/9/9,1.594881522,1.502226522,-0.006258815,0.413575904
658,2020/9/10,1.582001657,1.491316657,-0.008075751,0.402160217
659,2020/9/11,1.592253066,1.502018066,0.006480025,0.41124625
660,2020/9/14,1.602331867,1.510681867,0.006329899,0.420179296
661,2020/9/15,1.610012075,1.517297075,0.004793144,0.426986419
662,2020/9/16,1.597896679,1.507141679,-0.007525034,0.416248298
663,2020/9/17,1.589983614,1.500678614,-0.004952175,0.409234788
664,2020/9/18,1.597438433,1.509323433,0.004688613,0.415842145
665,2020/9/21,1.586943711,1.498488711,-0.006569719,0.40654046
666,2020/9/22,1.586370358,1.496020358,-0.000361294,0.406032285
667,2020/9/23,1.578688848,1.490908848,-0.004842192,0.399224007
668,2020/9/24,1.564302389,1.475987389,-0.009112916,0.386472997
669,2020/9/25,1.576989959,1.486614959,0.008110689,0.397718247
670,2020/9/28,1.585552826,1.493387826,0.005429881,0.405307691
671,2020/9/29,1.589573437,1.497823437,0.002535778,0.40887124
672,2020/9/30,1.59397866,1.50159866,0.002771324,0.412775678
673,2020/10/9,1.62870651,1.53440651,0.021786897,0.443555677
674,2020/10/12,1.657415277,1.561255277,0.017626729,0.469000841
675,2020/10/13,1.65645308,1.56010808,-0.000580541,0.468148026
676,2020/10/14,1.649297592,1.553462592,-0.004319765,0.461805972
677,2020/10/15,1.644319662,1.549279662,-0.003018212,0.457393932
678,2020/10/16,1.64090354,1.54627854,-0.00207753,0.454366153
679,2020/10/19,1.623176482,1.530606482,-0.010803229,0.438654302
680,2020/10/20,1.630975261,1.538190261,0.00480464,0.445566517
681,2020/10/21,1.625084687,1.532579687,-0.003611688,0.440345582
682,2020/10/22,1.619873578,1.527688578,-0.003206669,0.43572687
683,2020/10/23,1.608115662,1.515525662,-0.007258539,0.42530559
684,2020/10/26,1.599953108,1.508758108,-0.00507585,0.418070953
685,2020/10/27,1.606284269,1.514039269,0.003957091,0.423682389
686,2020/10/28,1.596021337,1.506966337,-0.006389238,0.414586144
687,2020/10/29,1.607639578,1.516924578,0.007279503,0.424883628
688,2020/10/30,1.585977918,1.497542918,-0.013474202,0.405684458
689,2020/11/2,1.600063166,1.511623166,0.008881112,0.418168499
690,2020/11/3,1.61642027,1.52664027,0.010222787,0.432666133
691,2020/11/4,1.630475019,1.537235019,0.008694984,0.445123143
692,2020/11/5,1.651059237,1.555429237,0.012624675,0.463367353
693,2020/11/6,1.642869383,1.547924383,-0.004960364,0.456108519
694,2020/11/9,1.657193383,1.564443383,0.008718892,0.468804172
695,2020/11/10,1.641443254,1.550553254,-0.009504098,0.454844512
696,2020/11/11,1.636550545,1.543445545,-0.002980736,0.450508005
697,2020/11/12,1.634449408,1.541609408,-0.001283881,0.448645724
698,2020/11/13,1.636750267,1.543015267,0.001407727,0.450685023
699,2020/11/16,1.645717619,1.551747619,0.005478754,0.458632969
700,2020/11/17,1.635823282,1.542513282,-0.006012172,0.449863417
701,2020/11/18,1.626218489,1.533723489,-0.005871535,0.441350494
702,2020/11/19,1.632402067,1.539387067,0.003802428,0.446831125
703,2020/11/20,1.636113628,1.543273628,0.002273681,0.450120757
704,2020/11/23,1.645393073,1.552653073,0.005671639,0.458345318
705,2020/11/24,1.647485234,1.553340234,0.001271526,0.460199642
706,2020/11/25,1.63257584,1.53797584,-0.009049789,0.446985143
707,2020/11/26,1.63261584,1.53797584,2.45E-05,0.447020596
708,2020/11/27,1.639142221,1.543747221,0.0039975,0.45280506
709,2020/11/30,1.633734597,1.538229597,-0.003299057,0.448012173
710,2020/12/1,1.65695177,1.55987677,0.014211105,0.468590025
711,2020/12/2,1.656744335,1.560104335,-0.00012519,0.468406172
712,2020/12/3,1.658489799,1.561789799,0.00105355,0.469953211
713,2020/12/4,1.665480206,1.568450206,0.004214924,0.476148952
714,2020/12/7,1.660749668,1.563439668,-0.002840345,0.47195618
715,2020/12/8,1.664037444,1.566497444,0.001979694,0.474870203
716,2020/12/9,1.647320141,1.551775141,-0.01004623,0.460053317
717,2020/12/10,1.650799109,1.554739109,0.002111895,0.463136797
718,2020/12/11,1.642319377,1.546559377,-0.005136743,0.455621038
719,2020/12/14,1.646443168,1.550118168,0.002510955,0.459276038
720,2020/12/15,1.659187565,1.561777565,0.007740563,0.470571656
721,2020/12/16,1.661868528,1.564043528,0.001615829,0.472947848
722,2020/12/17,1.674260275,1.575820275,0.007456515,0.483930905
723,2020/12/18,1.671035712,1.572760712,-0.001925963,0.481072909
724,2020/12/21,1.687593865,1.589393865,0.009908916,0.495748737
725,2020/12/22,1.670558684,1.572338684,-0.01009436,0.48065011
726,2020/12/23,1.679863899,1.581858899,0.005570122,0.488897511
727,2020/12/24,1.677590748,1.579460748,-0.001353176,0.486882771
728,2020/12/25,1.677545748,1.579460748,-2.68E-05,0.486842887
729,2020/12/28,1.686556652,1.587691652,0.00537148,0.494829434
730,2020/12/29,1.68040999,1.58118999,-0.003644504,0.489381522
731,2020/12/30,1.696004201,1.596959201,0.009280004,0.503202989
732,2020/12/31,1.696004201,1.615117092,0,0.503202989
733,2021/1/4,1.721953579,1.623893579,0.015300303,0.52620245
734,2021/1/5,1.730697374,1.632827374,0.005077834,0.533952253
735,2021/1/6,1.735902248,1.639562248,0.003007386,0.538565439
736,2021/1/7,1.759865532,1.661235532,0.013804512,0.559804584
737,2021/1/8,1.758226742,1.658246742,-0.000931202,0.558352091
738,2021/1/11,1.743204155,1.644619155,-0.008544169,0.545037267
739,2021/1/12,1.76813242,1.66953742,0.014300256,0.567131695
740,2021/1/13,1.759772834,1.660917834,-0.004727919,0.559722424
741,2021/1/14,1.743781849,1.645251849,-0.00908696,0.545549288
742,2021/1/15,1.740477382,1.642797382,-0.001895,0.542620472
743,2021/1/18,1.740782382,1.642797382,0.000175239,0.5428908
744,2021/1/19,1.742404911,1.642979911,0.000932069,0.544328881
745,2021/1/20,1.766479081,1.664954081,0.013816633,0.565666307
746,2021/1/21,1.784955246,1.682865246,0.010459317,0.582042108
747,2021/1/22,1.78990778,1.68821778,0.002774598,0.586431639
748,2021/1/25,1.797366755,1.694536755,0.00416724,0.59304268
749,2021/1/26,1.777939745,1.675014745,-0.010808596,0.575824126
750,2021/1/27,1.766010796,1.666035796,-0.006709423,0.565251256
751,2021/1/28,1.746189779,1.645319779,-0.01122361,0.547683486
752,2021/1/29,1.7300633,1.6313683,-0.009235238,0.533390261
753,2021/2/1,1.750231641,1.649316641,0.011657574,0.551265871
754,2021/2/2,1.771387719,1.668792719,0.012087587,0.570016932
755,2021/2/3,1.768329433,1.666224433,-0.001726492,0.567306311
756,2021/2/4,1.770079582,1.666919582,0.000989719,0.568857504
757,2021/2/5,1.771122581,1.667477581,0.000589238,0.569781936
758,2021/2/8,1.790216942,1.685971942,0.010780937,0.586705656
759,2021/2/9,1.806847135,1.702882135,0.009289484,0.601445333
760,2021/2/10,1.806847135,1.717870565,0,0.601445333
761,2021/2/18,1.809518989,1.705898989,0.001478738,0.603813452
762,2021/2/19,1.804987439,1.701647439,-0.002504284,0.599797047
763,2021/2/22,1.77071885,1.67004385,-0.0189855,0.5694241
764,2021/2/23,1.768793,1.668398,-0.001087609,0.56771718
765,2021/2/24,1.752699644,1.651379644,-0.009098496,0.553453312
766,2021/2/25,1.735936208,1.638186208,-0.009564352,0.538595538
767,2021/2/26,1.715501832,1.616886832,-0.011771387,0.520484135
768,2021/3/1,1.742438001,1.641043001,0.015701626,0.544358209
769,2021/3/2,1.724970554,1.625390554,-0.010024716,0.528876456
770,2021/3/3,1.730300547,1.633530547,0.003089903,0.533600537
771,2021/3/4,1.695001327,1.599536327,-0.020400629,0.502314121
772,2021/3/5,1.704377706,1.607227706,0.005531783,0.510624596
773,2021/3/8,1.670141583,1.575836583,-0.020087169,0.480280425
774,2021/3/9,1.665124859,1.566434859,-0.003003772,0.475834001
775,2021/3/10,1.675493615,1.577448615,0.006227014,0.485024039
776,2021/3/11,1.699823174,1.599793174,0.014520831,0.506587822
777,2021/3/12,1.701420691,1.602390691,0.000939814,0.508003734
778,2021/3/15,1.687995927,1.587690927,-0.007890326,0.496105093
779,2021/3/16,1.692852854,1.592022854,0.002877333,0.500409886
780,2021/3/17,1.700652451,1.599542451,0.004607369,0.507322827
781,2021/3/18,1.700540322,1.602595322,-6.59E-05,0.507223445
782,2021/3/19,1.684405829,1.585550829,-0.009487863,0.492923116
783,2021/3/22,1.697031895,1.596446895,0.007495857,0.504113855
784,2021/3/23,1.685038765,1.585178765,-0.007067121,0.493484099
785,2021/3/24,1.670876995,1.572336995,-0.008404418,0.480932235
786,2021/3/25,1.677076132,1.578596132,0.00371011,0.486426656
787,2021/3/26,1.705236245,1.605181245,0.016791196,0.511385537
788,2021/3/29,1.70558582,1.60558082,0.000205001,0.511695372
789,2021/3/30,1.712305108,1.612480108,0.003939578,0.517650814
790,2021/3/31,1.708370064,1.607015064,-0.002298097,0.514163105
791,2021/4/1,1.728503762,1.625603762,0.011785326,0.53200801
792,2021/4/2,1.728598762,1.625603762,5.50E-05,0.53209221
793,2021/4/6,1.735754743,1.631114743,0.004139758,0.538434702
794,2021/4/7,1.731240489,1.626535489,-0.002600744,0.534433626
795,2021/4/8,1.738686931,1.632831931,0.004301218,0.541033559
796,2021/4/9,1.734402023,1.627997023,-0.00246445,0.537235759
797,2021/4/12,1.719139555,1.612669555,-0.008799844,0.523708323
798,2021/4/13,1.719456141,1.611956141,0.000184154,0.52398892
799,2021/4/14,1.728347588,1.622317588,0.005171081,0.53186959
800,2021/4/15,1.729514784,1.621974784,0.000675324,0.532904099
801,2021/4/16,1.733967238,1.626332238,0.002574395,0.5368504
802,2021/4/19,1.749310604,1.642740604,0.008848706,0.550449537
803,2021/4/20,1.744265644,1.638605644,-0.00288397,0.545978086
804,2021/4/21,1.754218491,1.647743491,0.005706039,0.554799497
805,2021/4/22,1.750450561,1.645445561,-0.002147925,0.551459904
806,2021/4/23,1.765139968,1.658799968,0.008391786,0.564479424
807,2021/4/26,1.760085635,1.653180635,-0.002863418,0.559999665
808,2021/4/27,1.764231568,1.657781568,0.002355529,0.56367429
809,2021/4/28,1.770217704,1.664302704,0.003393056,0.568979924
810,2021/4/29,1.77701295,1.67081295,0.00383865,0.575002689
811,2021/4/30,1.772300748,1.666950748,-0.002651755,0.570826168
812,2021/5/6,1.766713256,1.662803256,-0.003152677,0.565873861
813,2021/5/7,1.755083621,1.650713621,-0.006582639,0.555566279
814,2021/5/10,1.746983419,1.645593419,-0.004615279,0.548386906
815,2021/5/11,1.741024,1.639944,-0.003411263,0.543104951
816,2021/5/12,1.733349655,1.634774655,-0.004407949,0.536303024
817,2021/5/13,1.73393344,1.63408344,0.000336796,0.536820444
818,2021/5/14,1.760390914,1.658620914,0.015258644,0.560270241
819,2021/5/17,1.773370856,1.672495856,0.007373329,0.571774627
820,2021/5/18,1.769291988,1.669031988,-0.002300065,0.568159443
821,2021/5/19,1.76732622,1.66705622,-0.001111048,0.566417143
822,2021/5/20,1.779046716,1.676656716,0.006631767,0.576805257
823,2021/5/21,1.770766863,1.669211863,-0.004654096,0.569466655
824,2021/5/24,1.781698965,1.678343965,0.006173654,0.579156
825,2021/5/25,1.799764375,1.696489375,0.010139429,0.595167739
826,2021/5/26,1.79710634,1.69378634,-0.001476879,0.592811869
827,2021/5/27,1.802465868,1.699565868,0.00298231,0.597562128
828,2021/5/28,1.799586999,1.696746999,-0.001597184,0.595010527
829,2021/5/31,1.799316999,1.696746999,-0.000150034,0.594771221
830,2021/6/1,1.807930148,1.705760148,0.004786899,0.60240523
831,2021/6/2,1.799848443,1.697218443,-0.004470142,0.59524225
832,2021/6/3,1.792763262,1.691108262,-0.003936543,0.588962511
833,2021/6/4,1.803623781,1.699848781,0.006057977,0.59858841
834,2021/6/7,1.804298907,1.700463907,0.000374316,0.599186787
835,2021/6/8,1.797033195,1.693228195,-0.00402689,0.592747039
836,2021/6/9,1.800172436,1.696262436,0.001746902,0.595529412
837,2021/6/10,1.811902229,1.706922229,0.006515927,0.605925766
838,2021/6/11,1.811297028,1.706237028,-0.000334014,0.605389364
839,2021/6/15,1.806238216,1.700608216,-0.002792923,0.600905636
840,2021/6/16,1.782061894,1.676761894,-0.013384902,0.57947767
841,2021/6/17,1.792807731,1.685857731,0.006030002,0.589001924
842,2021/6/18,1.791894885,1.685679885,-0.000509171,0.588192851
843,2021/6/21,1.80231185,1.69516185,0.005813379,0.597425618
844,2021/6/22,1.811699432,1.703469432,0.005208634,0.605746023
845,2021/6/23,1.817372042,1.709102042,0.003131099,0.610773772
846,2021/6/24,1.815756632,1.706481632,-0.000888871,0.609342001
847,2021/6/25,1.832406352,1.723411352,0.009169577,0.624098987
848,2021/6/28,1.841088582,1.731093582,0.004738158,0.631794224
849,2021/6/29,1.836620345,1.726300345,-0.002426954,0.627833935
850,2021/6/30,1.849467625,1.739217625,0.006995066,0.63922074
851,2021/7/1,1.851633011,1.741163011,0.001170816,0.641139965
852,2021/7/2,1.833220497,1.721535497,-0.009943933,0.62482058
853,2021/7/5,1.833185497,1.721535497,-1.91E-05,0.624789559
854,2021/7/6,1.835003721,1.723068721,0.000991839,0.626401088
855,2021/7/7,1.858093929,1.745718929,0.012583194,0.646866408
856,2021/7/8,1.853840176,1.742215176,-0.00228931,0.643096221
857,2021/7/9,1.859665139,1.747195139,0.003142107,0.648259004
858,2021/7/12,1.881749401,1.768864401,0.011875397,0.667832734
859,2021/7/13,1.882212018,1.769402018,0.000245844,0.66824276
860,2021/7/14,1.877935212,1.764840212,-0.002272223,0.664452141
861,2021/7/15,1.886680306,1.774670306,0.00465676,0.672203095
862,2021/7/16,1.866341213,1.755076213,-0.01078036,0.654176143
863,2021/7/19,1.859060604,1.748790604,-0.003901006,0.647723192
864,2021/7/20,1.87098807,1.75911307,0.006415856,0.658294748
865,2021/7/21,1.891622946,1.778927946,0.011028865,0.676583857
866,2021/7/22,1.893061105,1.779961105,0.000760278,0.677858527
867,2021/7/23,1.886452257,1.772072257,-0.00349109,0.672000971
868,2021/7/26,1.865971066,1.751301066,-0.010856989,0.653848075
869,2021/7/27,1.832848495,1.719488495,-0.017750849,0.624490868
870,2021/7/28,1.836695032,1.722540032,0.002098666,0.627900131
871,2021/7/29,1.86620492,1.75179992,0.016066842,0.654055345
872,2021/7/30,1.854657021,1.741497021,-0.006187905,0.643820207
873,2021/8/2,1.866943341,1.753668341,0.006624578,0.654709823
874,2021/8/3,1.866882695,1.752967695,-3.25E-05,0.654656071
875,2021/8/4,1.879781902,1.765621902,0.00690949,0.6660889
876,2021/8/5,1.877685157,1.762720157,-0.001115419,0.664230512
877,2021/8/6,1.870614133,1.756294133,-0.00376582,0.657963319
878,2021/8/9,1.872603834,1.757733834,0.001063662,0.659726832
879,2021/8/10,1.876531127,1.762261127,0.002097237,0.663207672
880,2021/8/11,1.875509913,1.761454913,-0.000544203,0.662302549
881,2021/8/12,1.872310124,1.757930124,-0.00170609,0.659466511
882,2021/8/13,1.868592266,1.753777266,-0.001985707,0.656171297
883,2021/8/16,1.86423684,1.74954184,-0.002330859,0.652310995
884,2021/8/17,1.840282373,1.726537373,-0.012849476,0.631079664
885,2021/8/18,1.840143604,1.727198604,-7.54E-05,0.630956671
886,2021/8/19,1.844096718,1.730696718,0.002148264,0.634460396
887,2021/8/20,1.833830717,1.719005717,-0.005566954,0.62536143
888,2021/8/23,1.856339822,1.739874822,0.012274364,0.645311708
889,2021/8/24,1.87068694,1.75417194,0.007728713,0.65802785
890,2021/8/25,1.876575557,1.760125557,0.003147837,0.663247051
891,2021/8/26,1.857281939,1.741521939,-0.01028129,0.646146725
892,2021/8/27,1.868814082,1.751664082,0.006209151,0.656367898
893,2021/8/30,1.873881023,1.755806023,0.002711313,0.66085883
894,2021/8/31,1.87010144,1.75218144,-0.002016981,0.65750891
895,2021/9/1,1.868784588,1.750649588,-0.000704161,0.656341757
896,2021/9/2,1.867704386,1.749779386,-0.000578024,0.655384352
897,2021/9/3,1.857683416,1.739428416,-0.005365394,0.646502562
898,2021/9/6,1.857583416,1.739428416,-5.38E-05,0.64641393
899,2021/9/7,1.892009225,1.773684225,0.018532578,0.676926225
900,2021/9/8,1.886984149,1.768814149,-0.002655947,0.672472398
901,2021/9/9,1.886534399,1.768919399,-0.000238343,0.672073775
902,2021/9/10,1.885996278,1.769366278,-0.000285243,0.671596827
903,2021/9/13,1.882766731,1.766316731,-0.001712382,0.668734414
904,2021/9/14,1.876888874,1.760823874,-0.003121925,0.66352475
905,2021/9/15,1.879331386,1.762396386,0.001301362,0.665689598
906,2021/9/16,1.863541393,1.746811393,-0.008401921,0.651694606
907,2021/9/17,1.865388279,1.749663279,0.000991063,0.653331539
908,2021/9/22,1.862328026,1.747498026,-0.001640545,0.650619175
909,2021/9/23,1.870879623,1.754914623,0.004591885,0.658198629
910,2021/9/24,1.867465672,1.751675672,-0.001824784,0.655172775
911,2021/9/27,1.862911379,1.747881379,-0.002438756,0.651136212
912,2021/9/28,1.846873265,1.735203265,-0.008609166,0.636921306
913,2021/9/29,1.831720418,1.720080418,-0.008204595,0.623491029
914,2021/9/30,1.840079826,1.728554826,0.004563692,0.630900143
915,2021/10/8,1.848436514,1.736396514,0.004541481,0.638306845
916,2021/10/11,1.839636577,1.728586577,-0.004760746,0.630507282
917,2021/10/12,1.823786136,1.713161136,-0.008616072,0.616458715
918,2021/10/13,1.840452038,1.728737038,0.009138079,0.631230042
919,2021/10/14,1.854003303,1.740618303,0.007363009,0.643240804
920,2021/10/15,1.869167636,1.755152636,0.008179237,0.65668126
921,2021/10/18,1.867764901,1.752799901,-0.00075046,0.655437988
922,2021/10/19,1.878009352,1.762244352,0.005484872,0.664517852
923,2021/10/20,1.875091027,1.759906027,-0.001553946,0.661931281
924,2021/10/21,1.876060199,1.760470199,0.000516867,0.662790279
925,2021/10/22,1.876093681,1.761223681,1.78E-05,0.662819955
926,2021/10/25,1.886900988,1.771085988,0.005760537,0.67239869
927,2021/10/26,1.887202341,1.771122341,0.000159708,0.672665786
928,2021/10/27,1.878290232,1.762000232,-0.004722392,0.664766802
929,2021/10/28,1.879724529,1.761949529,0.000763618,0.666038049
930,2021/10/29,1.890485573,1.772275573,0.005724798,0.675575781
931,2021/11/1,1.888523438,1.769388438,-0.0010379,0.673836701
932,2021/11/2,1.883459975,1.764174975,-0.002681176,0.66934885
933,2021/11/3,1.885266862,1.764591862,0.000959345,0.670950331
934,2021/11/4,1.892640281,1.770735281,0.003911075,0.677485543
935,2021/11/5,1.88937118,1.76727618,-0.00172727,0.674588072
936,2021/11/8,1.89412416,1.77225416,0.002515641,0.678800734
937,2021/11/9,1.897375449,1.776470449,0.001716513,0.681682418
938,2021/11/10,1.886368575,1.767103575,-0.005801105,0.671926802
939,2021/11/11,1.902755053,1.782780053,0.008686785,0.68645047
940,2021/11/12,1.907402138,1.786342138,0.002442293,0.690569276
941,2021/11/15,1.897804328,1.777149328,-0.005031876,0.682062542
942,2021/11/16,1.897868673,1.776283673,3.39E-05,0.682119572
943,2021/11/17,1.90152925,1.77991425,0.001928783,0.685364016
944,2021/11/18,1.897862719,1.775232719,-0.001928201,0.682114295
945,2021/11/19,1.904858187,1.781528187,0.003685972,0.688314521
946,2021/11/22,1.913645838,1.791490838,0.004613283,0.696103194
947,2021/11/23,1.909716934,1.788151934,-0.002053099,0.692620926
948,2021/11/24,1.906317031,1.784357031,-0.001780318,0.689607523
949,2021/11/25,1.906457031,1.784357031,7.34E-05,0.689731608
950,2021/11/26,1.901265782,1.781735782,-0.002722982,0.685130499
951,2021/11/29,1.915220765,1.793095765,0.007339839,0.697499084
952,2021/11/30,1.902277951,1.782227951,-0.006757871,0.686027605
953,2021/12/1,1.889021022,1.771056022,-0.006968975,0.67427772
954,2021/12/2,1.896465763,1.777610763,0.003941058,0.680876145
955,2021/12/3,1.896575863,1.779715863,5.81E-05,0.680973728
956,2021/12/6,1.896159212,1.778399212,-0.000219686,0.680604443
957,2021/12/7,1.907608419,1.786298419,0.006038104,0.690752107
958,2021/12/8,1.921760571,1.800070571,0.007418793,0.703295447
959,2021/12/9,1.921593702,1.802013702,-8.68E-05,0.703147547
960,2021/12/10,1.930311701,1.809036701,0.004536859,0.710874487
961,2021/12/13,1.927398934,1.808013934,-0.001508962,0.708292843
962,2021/12/14,1.920047648,1.801862648,-0.003814096,0.701777249
963,2021/12/15,1.923530348,1.802550348,0.001813861,0.704864037
964,2021/12/16,1.921246983,1.803506983,-0.00118707,0.702840244
965,2021/12/17,1.903021713,1.785731713,-0.009486167,0.686686816
966,2021/12/20,1.880238268,1.763698268,-0.011972246,0.666493386
967,2021/12/21,1.895398004,1.776608004,0.008062667,0.679929768
968,2021/12/22,1.903252831,1.783102831,0.004144157,0.686891661
969,2021/12/23,1.912830945,1.791850945,0.005032497,0.695380938
970,2021/12/24,1.912905945,1.791850945,3.92E-05,0.695447412
971,2021/12/27,1.904083592,1.781158592,-0.004612017,0.687627981
972,2021/12/28,1.911892247,1.789462247,0.004101005,0.694548951
973,2021/12/29,1.903044761,1.780589761,-0.004627607,0.686707244
974,2021/12/30,1.907668531,1.785773531,0.00242967,0.690805386
975,2021/12/31,1.909988887,1.788703887,0.001216331,0.692861964
976,2022/1/4,1.89745071,1.77641571,-0.006564529,0.681749123
977,2022/1/5,1.86754105,1.75021105,-0.015763076,0.655239584
978,2022/1/6,1.860029337,1.742844337,-0.004022248,0.6485818
979,2022/1/7,1.850937295,1.734982295,-0.004888117,0.640523338
980,2022/1/10,1.852614708,1.736669708,0.000906251,0.642010064
981,2022/1/11,1.852900215,1.735245215,0.00015411,0.642263114
982,2022/1/12,1.868433594,1.750393594,0.008383278,0.656030663
983,2022/1/13,1.845784058,1.730904058,-0.012122206,0.635955919
984,2022/1/14,1.849145613,1.733190613,0.001821207,0.638935334
985,2022/1/17,1.848990613,1.733190613,-8.38E-05,0.638797954
986,2022/1/18,1.858130692,1.745360692,0.004943281,0.646898992
987,2022/1/19,1.841272633,1.729502633,-0.009072591,0.631957352
988,2022/1/20,1.834429863,1.724354863,-0.003716326,0.625892466
989,2022/1/21,1.814592133,1.707442133,-0.010814112,0.608309883
990,2022/1/24,1.820620892,1.713105892,0.003322377,0.613653294
991,2022/1/25,1.796988083,1.692073083,-0.012980631,0.592707055
992,2022/1/26,1.800205041,1.695415041,0.001790194,0.59555831
993,2022/1/27,1.777443229,1.673658229,-0.012644011,0.575384054
994,2022/1/28,1.789672068,1.682037068,0.006880017,0.586222723
995,2022/2/7,1.805521107,1.697351107,0.008855834,0.600270048
996,2022/2/8,1.800715515,1.691320515,-0.00266161,0.596010754
997,2022/2/9,1.818604228,1.706869228,0.009934225,0.611865884
998,2022/2/10,1.798960552,1.689795552,-0.010801512,0.594455295
999,2022/2/11,1.775906778,1.669791778,-0.012815052,0.574022267
1000,2022/2/14,1.770842846,1.664652846,-0.002851463,0.569534001
1001,2022/2/15,1.797765893,1.689170893,0.015203521,0.593396444
1002,2022/2/16,1.796932856,1.688677856,-0.000463373,0.592658107
1003,2022/2/17,1.787377932,1.682402932,-0.005317352,0.584189384
1004,2022/2/18,1.785523905,1.681658905,-0.001037289,0.582546121
1005,2022/2/21,1.785608905,1.681658905,4.76E-05,0.582621458
1006,2022/2/22,1.777862279,1.674757279,-0.004338367,0.575755466
1007,2022/2/23,1.777596301,1.677306301,-0.000149605,0.575519725
1008,2022/2/24,1.779003906,1.675493906,0.000791859,0.576767314
1009,2022/2/25,1.801539801,1.696419801,0.012667704,0.596741335
1010,2022/2/28,1.802881394,1.697631394,0.000744693,0.597930416
1011,2022/3/1,1.796546229,1.693241229,-0.003513911,0.592315432
1012,2022/3/2,1.805830238,1.700335238,0.005167698,0.600544037
1013,2022/3/3,1.791280034,1.687770034,-0.008057349,0.587647895
1014,2022/3/4,1.781431091,1.678861091,-0.005498271,0.578918577
1015,2022/3/7,1.744461791,1.645221791,-0.020752585,0.546151935
1016,2022/3/8,1.724579223,1.626144223,-0.011397537,0.528529611
1017,2022/3/9,1.736698903,1.634998903,0.007027616,0.53927153
1018,2022/3/10,1.743809692,1.643264692,0.004094428,0.545573967
1019,2022/3/11,1.741465928,1.642620928,-0.001344048,0.543496641
1020,2022/3/14,1.715744105,1.618369105,-0.014770213,0.520698866
1021,2022/3/15,1.703150648,1.602525648,-0.007339939,0.50953703
1022,2022/3/16,1.744015477,1.639835477,0.023993667,0.545756358
1023,2022/3/17,1.762233218,1.657548218,0.01044586,0.561903112
1024,2022/3/18,1.77533086,1.66851086,0.007432411,0.573511818
1025,2022/3/21,1.778654622,1.671734622,0.001872193,0.576457736
1026,2022/3/22,1.784162847,1.675297847,0.00309685,0.581339788
1027,2022/3/23,1.780662755,1.673442755,-0.001961756,0.578237585
1028,2022/3/24,1.790205704,1.680595704,0.005359212,0.586695695
1029,2022/3/25,1.780246427,1.670551427,-0.005563203,0.577868586
1030,2022/3/28,1.778580188,1.667250188,-0.00093596,0.576391764
1031,2022/3/29,1.786297144,1.673337144,0.004338829,0.583231458
1032,2022/3/30,1.801015489,1.689375489,0.008239584,0.596276627
1033,2022/3/31,1.784802777,1.674927777,-0.009001984,0.581906971
1034,2022/4/1,1.792584537,1.682514537,0.004360011,0.588804103
1035,2022/4/6,1.778539551,1.670544551,-0.007835048,0.576355746
1036,2022/4/7,1.769460101,1.661470101,-0.005105003,0.568308445
1037,2022/4/8,1.767394088,1.660864088,-0.001167595,0.566477296
1038,2022/4/11,1.735483781,1.631368781,-0.018055004,0.538194543
1039,2022/4/12,1.747884712,1.643889712,0.007145518,0.54918574
1040,2022/4/13,1.747809304,1.641909304,-4.31E-05,0.549118904
1041,2022/4/14,1.745015608,1.641765608,-0.001598398,0.546642795
1042,2022/4/15,1.745580608,1.641765608,0.000323779,0.547143566
1043,2022/4/18,1.745287701,1.641567701,-0.0001678,0.546883956
1044,2022/4/19,1.751967785,1.646197785,0.003827497,0.55280465
1045,2022/4/20,1.734165244,1.629450244,-0.010161454,0.537025897
1046,2022/4/21,1.712366821,1.609471821,-0.01256998,0.517705512
1047,2022/4/22,1.701987495,1.600917495,-0.006061392,0.508506104
1048,2022/4/25,1.675777355,1.572962355,-0.015399726,0.485275524
1049,2022/4/26,1.654426589,1.554366589,-0.012740813,0.466351906
1050,2022/4/27,1.679627399,1.579607399,0.015232353,0.488687896
1051,2022/4/28,1.698399492,1.595029492,0.011176344,0.505325984
1052,2022/4/29,1.702223975,1.602428975,0.002251816,0.508715701
1053,2022/5/5,1.699766472,1.600756472,-0.001443702,0.506537565
1054,2022/5/6,1.686214107,1.587359107,-0.007973074,0.494525829
1055,2022/5/9,1.66799167,1.57206667,-0.010806716,0.478374913
1056,2022/5/10,1.680218164,1.582788164,0.007330069,0.489211503
1057,2022/5/11,1.680810434,1.585985434,0.000352496,0.489736444
1058,2022/5/12,1.681027432,1.586357432,0.000129103,0.489928774
1059,2022/5/13,1.704382666,1.605532666,0.013893428,0.510628993
1060,2022/5/16,1.69638021,1.59865521,-0.004695223,0.503536253
1061,2022/5/17,1.716175956,1.616060956,0.011669404,0.521081625
1062,2022/5/18,1.68433593,1.58959093,-0.018552892,0.492861163
1063,2022/5/19,1.686912352,1.592422352,0.001529637,0.495144698
1064,2022/5/20,1.697513267,1.603378267,0.006284212,0.504540504
1065,2022/5/23,1.702395364,1.607800364,0.002876029,0.508867606
1066,2022/5/24,1.67515975,1.58277975,-0.015998407,0.484728128
1067,2022/5/25,1.684664376,1.591024376,0.005673863,0.493152272
1068,2022/5/26,1.700866129,1.604476129,0.009617199,0.507512214
1069,2022/5/27,1.722603838,1.622328838,0.012780377,0.526778788
1070,2022/5/30,1.724040356,1.624265356,0.000833922,0.528052003
1071,2022/5/31,1.727284608,1.628439608,0.001881773,0.530927449
1072,2022/6/1,1.723302101,1.625082101,-0.002305646,0.527397672
1073,2022/6/2,1.744566036,1.643151036,0.012339064,0.546244329
1074,2022/6/6,1.750492799,1.651837799,0.003397271,0.55149734
1075,2022/6/7,1.757802779,1.658392779,0.004175956,0.557976324
1076,2022/6/8,1.757775706,1.659095706,-1.54E-05,0.557952329
1077,2022/6/9,1.734120151,1.637720151,-0.013457665,0.536985929
1078,2022/6/10,1.732602678,1.639162678,-0.000875068,0.535640962
1079,2022/6/13,1.710087817,1.620412817,-0.012994821,0.515685583
1080,2022/6/14,1.710386289,1.620141289,0.000174536,0.515950125
1081,2022/6/15,1.720383291,1.628008291,0.00584488,0.524810671
1082,2022/6/16,1.698286182,1.609886182,-0.012844294,0.505225554
1083,2022/6/17,1.713435011,1.624255011,0.008920069,0.51865227
1084,2022/6/20,1.721956397,1.632531397,0.004973276,0.526204947
1085,2022/6/21,1.726750748,1.635610748,0.002784246,0.530454278
1086,2022/6/22,1.722895418,1.631555418,-0.002232708,0.52703722
1087,2022/6/23,1.744470432,1.651910432,0.012522533,0.546159594
1088,2022/6/24,1.76842039,1.67295039,0.013729071,0.567386928
1089,2022/6/27,1.772801913,1.678266913,0.002477648,0.571270361
1090,2022/6/28,1.768579451,1.676679451,-0.002381801,0.567527908
1091,2022/6/29,1.752767304,1.660577304,-0.008940592,0.55351328
1092,2022/6/30,1.7596739,1.6685339,0.003940396,0.559634737
1093,2022/7/1,1.758262377,1.666872377,-0.000802151,0.558383675
1094,2022/7/4,1.771320366,1.679675366,0.007426644,0.569957236
1095,2022/7/5,1.773409202,1.680404202,0.001179254,0.571808614
1096,2022/7/6,1.765850205,1.671965205,-0.00426241,0.565108921
1097,2022/7/7,1.779384147,1.683714147,0.007664264,0.577104329
1098,2022/7/8,1.771353724,1.675618724,-0.004513035,0.569986802
1099,2022/7/11,1.749524833,1.655959833,-0.012323282,0.550639412
1100,2022/7/12,1.735827916,1.642697916,-0.007828935,0.538499556
1101,2022/7/13,1.736327161,1.643327161,0.000287612,0.538942047
1102,2022/7/14,1.744822694,1.651547694,0.004892818,0.546471811
1103,2022/7/15,1.745283941,1.650088941,0.000264352,0.546880624
1104,2022/7/18,1.748563944,1.654243944,0.001879352,0.549787757
1105,2022/7/19,1.759593462,1.662478462,0.006307758,0.559563442
1106,2022/7/20,1.769526934,1.670966934,0.005645323,0.568367681
1107,2022/7/21,1.768694082,1.668574082,-0.000470664,0.567629507
1108,2022/7/22,1.761623422,1.663318422,-0.003997673,0.561362638
1109,2022/7/25,1.757187122,1.659377122,-0.002518302,0.557430655
1110,2022/7/26,1.757813218,1.661908218,0.000356305,0.557985576
1111,2022/7/27,1.776818151,1.676698151,0.010811691,0.574830035
1112,2022/7/28,1.779160177,1.678610177,0.001318101,0.57690582
1113,2022/7/29,1.780179859,1.677854859,0.000573125,0.577809584
1114,2022/8/1,1.786496359,1.684191359,0.003548237,0.583408028
1115,2022/8/2,1.769828033,1.667828033,-0.009330177,0.568634551
1116,2022/8/3,1.773551323,1.668396323,0.002103758,0.571934579
1117,2022/8/4,1.77688088,1.67154088,0.001877339,0.574885633
1118,2022/8/5,1.783413858,1.679178858,0.003676655,0.580675944
1119,2022/8/8,1.785564404,1.681279404,0.001205859,0.582582017
1120,2022/8/9,1.785993167,1.683003167,0.000240128,0.582962038
1121,2022/8/10,1.792685713,1.686870713,0.003747241,0.588893778
1122,2022/8/11,1.803148785,1.698403785,0.005836534,0.598167411
1123,2022/8/12,1.813340704,1.706410704,0.00565229,0.607200716
1124,2022/8/15,1.81817087,1.71049587,0.002663683,0.61148179
1125,2022/8/16,1.822496963,1.714566963,0.002379366,0.615316094
1126,2022/8/17,1.824250346,1.717325346,0.000962077,0.616870153
1127,2022/8/18,1.820219575,1.713119575,-0.002209549,0.613297599
1128,2022/8/19,1.808212819,1.702697819,-0.006596323,0.602655767
1129,2022/8/22,1.804327653,1.701292653,-0.002148622,0.599212265
1130,2022/8/23,1.806235779,1.702800779,0.001057528,0.600903477
1131,2022/8/24,1.790230236,1.686720236,-0.00886127,0.586717438
1132,2022/8/25,1.805010073,1.699550073,0.00825583,0.599817108
1133,2022/8/26,1.780115894,1.678830894,-0.013791712,0.577752891
1134,2022/8/29,1.775078899,1.674418899,-0.002829588,0.5732885
1135,2022/8/30,1.766634481,1.666909481,-0.004757207,0.565804041
1136,2022/8/31,1.754632988,1.655297988,-0.006793422,0.555166874
1137,2022/9/1,1.750731934,1.651476934,-0.002223288,0.551709291
1138,2022/9/2,1.743866721,1.645831721,-0.003921339,0.545624513
1139,2022/9/5,1.750582206,1.652442206,0.003850916,0.551576583
1140,2022/9/6,1.757081311,1.659481311,0.00371254,0.557336873
1141,2022/9/7,1.772938772,1.673348772,0.009024887,0.571391662
1142,2022/9/8,1.772601154,1.672561154,-0.000190428,0.571092425
1143,2022/9/9,1.788488543,1.686478543,0.008962754,0.58517374
1144,2022/9/13,1.765957152,1.668432152,-0.012598006,0.565203711
1145,2022/9/14,1.76050001,1.66194501,-0.00309019,0.560366935
1146,2022/9/15,1.738039449,1.641089449,-0.012758058,0.540459683
1147,2022/9/16,1.720744423,1.624029423,-0.009950882,0.52513075
1148,2022/9/19,1.722234237,1.624704237,0.000865796,0.526451203
1149,2022/9/20,1.720758007,1.623913007,-0.00085716,0.52514279
1150,2022/9/21,1.708778921,1.613473921,-0.006961517,0.514525482
1151,2022/9/22,1.702668694,1.608058694,-0.003575785,0.509109864
1152,2022/9/23,1.690619488,1.597314488,-0.007076659,0.498430408
1153,2022/9/26,1.686582254,1.593247254,-0.002388021,0.494852125
1154,2022/9/27,1.697340134,1.603340134,0.006378509,0.504387053
1155,2022/9/28,1.696123886,1.599908886,-0.000716561,0.503309068
1156,2022/9/29,1.685958672,1.592318672,-0.005993202,0.494299432
1157,2022/9/30,1.6678084,1.5758134,-0.01076555,0.478212477
1158,2022/10/10,1.661423866,1.569763866,-0.003828098,0.472553735
1159,2022/10/11,1.661401331,1.570726331,-1.36E-05,0.472533762
1160,2022/10/12,1.675519302,1.584854302,0.008497628,0.485046806
1161,2022/10/13,1.688253183,1.595633183,0.007599961,0.496333103
1162,2022/10/14,1.689865623,1.599975623,0.000955094,0.497762242
1163,2022/10/17,1.702808772,1.609988772,0.007659277,0.509234018
1164,2022/10/18,1.709328182,1.615853182,0.003828621,0.515012304
1165,2022/10/19,1.698984477,1.605829477,-0.006051328,0.505844468
1166,2022/10/20,1.689571599,1.596761599,-0.005540297,0.497501642
1167,2022/10/21,1.700620252,1.605745252,0.006539322,0.507294288
1168,2022/10/24,1.694698619,1.598843619,-0.003482043,0.502045825
1169,2022/10/25,1.706690824,1.608395824,0.007076305,0.51267476
1170,2022/10/26,1.710168846,1.613998846,0.002037875,0.515757402
1171,2022/10/27,1.698404427,1.603999427,-0.006879098,0.505330358
1172,2022/10/28,1.694917767,1.597572767,-0.002052903,0.50224006
1173,2022/10/31,1.686139114,1.589829114,-0.005179398,0.494459361
