净值日期,累计净值,单位净值,日增长率,复权净值
2016-05-20,1.0,1.0,0.0,1.0
2016-05-27,1.0,1.0,0.0,1.0
2016-06-03,1.0,1.0,0.0,1.0
2016-06-06,1.0,1.0,0.0,1.0
2016-06-07,1.0039,1.0039,0.39,1.0039
2016-06-08,1.003,1.003,-0.0897,1.003
2016-06-13,0.9465,0.9465,-5.6331,0.9465
2016-06-14,0.9482,0.9482,0.1796,0.9482
2016-06-15,0.9792,0.9792,3.2694,0.9792
2016-06-16,0.9672,0.9672,-1.2255,0.9672
2016-06-17,0.9772,0.9772,1.0339,0.9772
2016-06-20,0.9769,0.9769,-0.0307,0.9769
2016-06-21,0.9653,0.9653,-1.1874,0.9653
2016-06-22,0.9885,0.9885,2.4034,0.9885
2016-06-23,0.9854,0.9854,-0.3136,0.9854
2016-06-24,0.9809,0.9809,-0.4567,0.9809
2016-06-27,1.0097,1.0097,2.9361,1.0097
2016-06-28,1.0208,1.0208,1.0993,1.0208
2016-06-29,1.0194,1.0194,-0.1371,1.0194
2016-06-30,1.0264,1.0264,0.6867,1.0264
2016-07-01,1.0193,1.0193,-0.6917,1.0193
2016-07-04,1.0352,1.0352,1.5599,1.0352
2016-07-05,1.0341,1.0341,-0.1063,1.0341
2016-07-06,1.032,1.032,-0.2031,1.032
2016-07-07,1.0288,1.0288,-0.3101,1.0288
2016-07-08,1.0311,1.0311,0.2236,1.0311
2016-07-11,1.0227,1.0227,-0.8147,1.0227
2016-07-12,1.0353,1.0353,1.232,1.0353
2016-07-13,1.0512,1.0512,1.5358,1.0512
2016-07-14,1.0546,1.0546,0.3234,1.0546
2016-07-15,1.0416,1.0416,-1.2327,1.0416
2016-07-18,1.0354,1.0354,-0.5952,1.0354
2016-07-19,1.0457,1.0457,0.9948,1.0457
2016-07-20,1.0435,1.0435,-0.2104,1.0435
2016-07-21,1.0422,1.0422,-0.1246,1.0422
2016-07-22,1.0356,1.0356,-0.6333,1.0356
2016-07-25,1.0337,1.0337,-0.1835,1.0337
2016-07-26,1.0483,1.0483,1.4124,1.0483
2016-07-27,0.9943,0.9943,-5.1512,0.9943
2016-07-28,0.9878,0.9878,-0.6537,0.9878
2016-07-29,0.9807,0.9807,-0.7188,0.9807
2016-08-01,0.9708,0.9708,-1.0095,0.9708
2016-08-02,0.9769,0.9769,0.6283,0.9769
2016-08-03,0.975,0.975,-0.1945,0.975
2016-08-04,0.9843,0.9843,0.9538,0.9843
2016-08-05,0.9754,0.9754,-0.9042,0.9754
2016-08-08,0.9847,0.9847,0.9535,0.9847
2016-08-09,0.9951,0.9951,1.0562,0.9951
2016-08-10,0.9873,0.9873,-0.7838,0.9873
2016-08-11,0.9725,0.9725,-1.499,0.9725
2016-08-12,0.9814,0.9814,0.9152,0.9814
2016-08-15,1.0118,1.0118,3.0976,1.0118
2016-08-16,1.0153,1.0153,0.3459,1.0153
2016-08-17,1.0185,1.0185,0.3152,1.0185
2016-08-18,1.0157,1.0157,-0.2749,1.0157
2016-08-19,1.0172,1.0172,0.1477,1.0172
2016-08-22,1.001,1.001,-1.5926,1.001
2016-08-23,1.004,1.004,0.2997,1.004
2016-08-24,1.0118,1.0118,0.7769,1.0118
2016-08-25,1.0071,1.0071,-0.4645,1.0071
2016-08-26,1.011,1.011,0.3873,1.011
2016-08-29,1.0124,1.0124,0.1385,1.0124
2016-08-30,1.0134,1.0134,0.0988,1.0134
2016-08-31,1.0118,1.0118,-0.1579,1.0118
2016-09-01,1.0073,1.0073,-0.4448,1.0073
2016-09-02,1.0028,1.0028,-0.4467,1.0028
2016-09-05,1.008,1.008,0.5185,1.008
2016-09-06,1.0258,1.0258,1.7659,1.0258
2016-09-07,1.0212,1.0212,-0.4484,1.0212
2016-09-08,1.0245,1.0245,0.3231,1.0245
2016-09-09,1.0171,1.0171,-0.7223,1.0171
2016-09-12,0.9922,0.9922,-2.4481,0.9922
2016-09-13,0.9924,0.9924,0.0202,0.9924
2016-09-14,0.9919,0.9919,-0.0504,0.9919
2016-09-19,1.0007,1.0007,0.8872,1.0007
2016-09-20,0.998,0.998,-0.2698,0.998
2016-09-21,0.9996,0.9996,0.1603,0.9996
2016-09-22,1.0024,1.0024,0.2801,1.0024
2016-09-23,0.9973,0.9973,-0.5088,0.9973
2016-09-26,0.9825,0.9825,-1.484,0.9825
2016-09-27,0.9904,0.9904,0.8041,0.9904
2016-09-28,0.9899,0.9899,-0.0505,0.9899
2016-09-29,0.9928,0.9928,0.293,0.9928
2016-09-30,0.9942,0.9942,0.141,0.9942
2016-10-10,1.0193,1.0193,2.5246,1.0193
2016-10-11,1.0204,1.0204,0.1079,1.0204
2016-10-12,1.0201,1.0201,-0.0294,1.0201
2016-10-13,1.0195,1.0195,-0.0588,1.0195
2016-10-14,1.0132,1.0132,-0.6179,1.0132
2016-10-17,1.0016,1.0016,-1.1449,1.0016
2016-10-18,1.0148,1.0148,1.3179,1.0148
2016-10-19,1.009,1.009,-0.5715,1.009
2016-10-20,1.0127,1.0127,0.3667,1.0127
2016-10-21,1.0074,1.0074,-0.5234,1.0074
2016-10-24,1.0159,1.0159,0.8438,1.0159
2016-10-25,1.0157,1.0157,-0.0197,1.0157
2016-10-26,1.0088,1.0088,-0.6793,1.0088
2016-10-27,1.0079,1.0079,-0.0892,1.0079
2016-10-28,1.0006,1.0006,-0.7243,1.0006
2016-10-31,0.9982,0.9982,-0.2399,0.9982
2016-11-01,1.0055,1.0055,0.7313,1.0055
2016-11-02,0.9924,0.9924,-1.3028,0.9924
2016-11-03,0.9955,0.9955,0.3124,0.9955
2016-11-04,0.9921,0.9921,-0.3415,0.9921
2016-11-07,0.9858,0.9858,-0.635,0.9858
2016-11-08,0.9947,0.9947,0.9028,0.9947
2016-11-09,0.9833,0.9833,-1.1461,0.9833
2016-11-10,0.992,0.992,0.8848,0.992
2016-11-11,0.9937,0.9937,0.1714,0.9937
2016-11-14,1.0001,1.0001,0.6441,1.0001
2016-11-15,1.0079,1.0079,0.7799,1.0079
2016-11-16,1.0096,1.0096,0.1687,1.0096
2016-11-17,1.0011,1.0011,-0.8419,1.0011
2016-11-18,0.9992,0.9992,-0.1898,0.9992
2016-11-21,0.9968,0.9968,-0.2402,0.9968
2016-11-22,1.0079,1.0079,1.1136,1.0079
2016-11-23,1.0028,1.0028,-0.506,1.0028
2016-11-24,0.9947,0.9947,-0.8077,0.9947
2016-11-25,1.0043,1.0043,0.9651,1.0043
2016-11-28,1.0038,1.0038,-0.0498,1.0038
2016-11-29,1.0017,1.0017,-0.2092,1.0017
2016-11-30,1.0119,1.0119,1.0183,1.0119
2016-12-01,1.0119,1.0119,0.0,1.0119
2016-12-02,0.9955,0.9955,-1.6207,0.9955
2016-12-05,0.9962,0.9962,0.0703,0.9962
2016-12-06,0.9872,0.9872,-0.9034,0.9872
2016-12-07,0.9928,0.9928,0.5673,0.9928
2016-12-08,0.9845,0.9845,-0.836,0.9845
2016-12-09,0.9786,0.9786,-0.5993,0.9786
2016-12-12,0.928,0.928,-5.1707,0.928
2016-12-13,0.9287,0.9287,0.0754,0.9287
2016-12-14,0.919,0.919,-1.0445,0.919
2016-12-15,0.9246,0.9246,0.6094,0.9246
2016-12-16,0.9346,0.9346,1.0815,0.9346
2016-12-19,0.9268,0.9268,-0.8346,0.9268
2016-12-20,0.9277,0.9277,0.0971,0.9277
2016-12-21,0.9319,0.9319,0.4527,0.9319
2016-12-22,0.9296,0.9296,-0.2468,0.9296
2016-12-23,0.9202,0.9202,-1.0112,0.9202
2016-12-26,0.9244,0.9244,0.4564,0.9244
2016-12-27,0.9226,0.9226,-0.1947,0.9226
2016-12-28,0.9177,0.9177,-0.5311,0.9177
2016-12-29,0.9186,0.9186,0.0981,0.9186
2016-12-30,0.9202,0.9202,0.1742,0.9202
2016-12-31,0.9199,0.9199,-0.0326,0.9199
2017-01-03,0.9205,0.9205,0.0326,0.9205
2017-01-04,0.9332,0.9332,1.3797,0.9332
2017-01-05,0.9299,0.9299,-0.3536,0.9299
2017-01-06,0.9223,0.9223,-0.8173,0.9223
2017-01-09,0.9213,0.9213,-0.1084,0.9213
2017-01-10,0.9173,0.9173,-0.4342,0.9173
2017-01-11,0.9113,0.9113,-0.6541,0.9113
2017-01-12,0.9081,0.9081,-0.3511,0.9081
2017-01-13,0.8948,0.8948,-1.4646,0.8948
2017-01-16,0.8641,0.8641,-3.4309,0.8641
2017-01-17,0.8804,0.8804,1.8864,0.8804
2017-01-18,0.8706,0.8706,-1.1131,0.8706
2017-01-19,0.8701,0.8701,-0.0574,0.8701
2017-01-20,0.8865,0.8865,1.8848,0.8865
2017-01-23,0.8898,0.8898,0.3723,0.8898
2017-01-24,0.8785,0.8785,-1.2699,0.8785
2017-01-25,0.8831,0.8831,0.5236,0.8831
2017-01-26,0.89,0.89,0.7813,0.89
2017-02-03,0.8858,0.8858,-0.4719,0.8858
2017-02-06,0.8964,0.8964,1.1967,0.8964
2017-02-07,0.8917,0.8917,-0.5243,0.8917
2017-02-08,0.8985,0.8985,0.7626,0.8985
2017-02-09,0.9034,0.9034,0.5454,0.9034
2017-02-10,0.8995,0.8995,-0.4317,0.8995
2017-02-13,0.9038,0.9038,0.478,0.9038
2017-02-14,0.9021,0.9021,-0.1881,0.9021
2017-02-15,0.8949,0.8949,-0.7981,0.8949
2017-02-16,0.8975,0.8975,0.2905,0.8975
2017-02-17,0.8911,0.8911,-0.7131,0.8911
2017-02-20,0.8964,0.8964,0.5948,0.8964
2017-02-21,0.9082,0.9082,1.3164,0.9082
2017-02-22,0.9079,0.9079,-0.033,0.9079
2017-02-23,0.9107,0.9107,0.3084,0.9107
2017-02-24,0.9165,0.9165,0.6369,0.9165
2017-02-27,0.9114,0.9114,-0.5565,0.9114
2017-02-28,0.9118,0.9118,0.0439,0.9118
2017-03-01,0.9141,0.9141,0.2522,0.9141
2017-03-02,0.9091,0.9091,-0.547,0.9091
2017-03-03,0.9127,0.9127,0.396,0.9127
2017-03-06,0.9283,0.9283,1.7092,0.9283
2017-03-07,0.9352,0.9352,0.7433,0.9352
2017-03-08,0.9293,0.9293,-0.6309,0.9293
2017-03-09,0.9246,0.9246,-0.5058,0.9246
2017-03-10,0.9231,0.9231,-0.1622,0.9231
2017-03-13,0.9326,0.9326,1.0291,0.9326
2017-03-14,0.927,0.927,-0.6005,0.927
2017-03-15,0.9274,0.9274,0.0431,0.9274
2017-03-16,0.9316,0.9316,0.4529,0.9316
2017-03-17,0.9243,0.9243,-0.7836,0.9243
2017-03-20,0.9264,0.9264,0.2272,0.9264
2017-03-21,0.9301,0.9301,0.3994,0.9301
2017-03-22,0.9247,0.9247,-0.5806,0.9247
2017-03-23,0.925,0.925,0.0324,0.925
2017-03-24,0.9328,0.9328,0.8432,0.9328
2017-03-27,0.9252,0.9252,-0.8148,0.9252
2017-03-28,0.9241,0.9241,-0.1189,0.9241
2017-03-29,0.9177,0.9177,-0.6926,0.9177
2017-03-30,0.9017,0.9017,-1.7435,0.9017
2017-03-31,0.908,0.908,0.6987,0.908
2017-04-05,0.9241,0.9241,1.7731,0.9241
2017-04-06,0.9247,0.9247,0.0649,0.9247
2017-04-07,0.926,0.926,0.1406,0.926
2017-04-10,0.9109,0.9109,-1.6307,0.9109
2017-04-11,0.9134,0.9134,0.2745,0.9134
2017-04-12,0.9046,0.9046,-0.9634,0.9046
2017-04-13,0.9106,0.9106,0.6633,0.9106
2017-04-14,0.9004,0.9004,-1.1201,0.9004
2017-04-17,0.8918,0.8918,-0.9551,0.8918
2017-04-18,0.883,0.883,-0.9868,0.883
2017-04-19,0.882,0.882,-0.1133,0.882
2017-04-20,0.8845,0.8845,0.2834,0.8845
2017-04-21,0.8795,0.8795,-0.5653,0.8795
2017-04-24,0.8663,0.8663,-1.5009,0.8663
2017-04-25,0.8705,0.8705,0.4848,0.8705
2017-04-26,0.8713,0.8713,0.0919,0.8713
2017-04-27,0.8816,0.8816,1.1821,0.8816
2017-04-28,0.8854,0.8854,0.431,0.8854
2017-05-02,0.8855,0.8855,0.0113,0.8855
2017-05-03,0.8809,0.8809,-0.5195,0.8809
2017-05-04,0.8799,0.8799,-0.1135,0.8799
2017-05-05,0.8709,0.8709,-1.0228,0.8709
2017-05-08,0.8576,0.8576,-1.5272,0.8576
2017-05-09,0.8639,0.8639,0.7346,0.8639
2017-05-10,0.8499,0.8499,-1.6206,0.8499
2017-05-11,0.8506,0.8506,0.0824,0.8506
2017-05-12,0.8517,0.8517,0.1293,0.8517
2017-05-15,0.8536,0.8536,0.2231,0.8536
2017-05-16,0.8703,0.8703,1.9564,0.8703
2017-05-17,0.8738,0.8738,0.4022,0.8738
2017-05-18,0.8699,0.8699,-0.4463,0.8699
2017-05-19,0.8644,0.8644,-0.6323,0.8644
2017-05-22,0.8586,0.8586,-0.671,0.8586
2017-05-23,0.845,0.845,-1.584,0.845
2017-05-24,0.8537,0.8537,1.0296,0.8537
2017-05-25,0.8545,0.8545,0.0937,0.8545
2017-05-26,0.849,0.849,-0.6437,0.849
2017-05-31,0.8508,0.8508,0.212,0.8508
2017-06-01,0.8348,0.8348,-1.8806,0.8348
2017-06-02,0.8431,0.8431,0.9943,0.8431
2017-06-05,0.8501,0.8501,0.8303,0.8501
2017-06-06,0.8525,0.8525,0.2823,0.8525
2017-06-07,0.8678,0.8678,1.7947,0.8678
2017-06-08,0.8656,0.8656,-0.2535,0.8656
2017-06-09,0.8663,0.8663,0.0809,0.8663
2017-06-12,0.857,0.857,-1.0735,0.857
2017-06-13,0.8661,0.8661,1.0618,0.8661
2017-06-14,0.8639,0.8639,-0.254,0.8639
2017-06-15,0.8756,0.8756,1.3543,0.8756
2017-06-16,0.8729,0.8729,-0.3084,0.8729
2017-06-19,0.8759,0.8759,0.3437,0.8759
2017-06-20,0.878,0.878,0.2398,0.878
2017-06-21,0.8796,0.8796,0.1822,0.8796
2017-06-22,0.8678,0.8678,-1.3415,0.8678
2017-06-23,0.8719,0.8719,0.4725,0.8719
2017-06-26,0.8783,0.8783,0.734,0.8783
2017-06-27,0.8778,0.8778,-0.0569,0.8778
2017-06-28,0.8724,0.8724,-0.6152,0.8724
2017-06-29,0.8751,0.8751,0.3095,0.8751
2017-06-30,0.8771,0.8771,0.2285,0.8771
2017-07-03,0.8859,0.8859,1.0033,0.8859
2017-07-04,0.8829,0.8829,-0.3386,0.8829
2017-07-05,0.8863,0.8863,0.3851,0.8863
2017-07-06,0.8875,0.8875,0.1354,0.8875
2017-07-07,0.886,0.886,-0.169,0.886
2017-07-10,0.8713,0.8713,-1.6591,0.8713
2017-07-11,0.8625,0.8625,-1.01,0.8625
2017-07-12,0.8638,0.8638,0.1507,0.8638
2017-07-13,0.8603,0.8603,-0.4052,0.8603
2017-07-14,0.8451,0.8451,-1.7668,0.8451
2017-07-17,0.8047,0.8047,-4.7805,0.8047
2017-07-18,0.81,0.81,0.6586,0.81
2017-07-19,0.8179,0.8179,0.9753,0.8179
2017-07-20,0.8198,0.8198,0.2323,0.8198
2017-07-21,0.8205,0.8205,0.0854,0.8205
2017-07-24,0.8189,0.8189,-0.195,0.8189
2017-07-25,0.8197,0.8197,0.0977,0.8197
2017-07-26,0.8166,0.8166,-0.3782,0.8166
2017-07-27,0.8445,0.8445,3.4166,0.8445
2017-07-28,0.8408,0.8408,-0.4381,0.8408
2017-07-31,0.842,0.842,0.1427,0.842
2017-08-01,0.8444,0.8444,0.285,0.8444
2017-08-02,0.837,0.837,-0.8764,0.837
2017-08-03,0.8409,0.8409,0.4659,0.8409
2017-08-04,0.8348,0.8348,-0.7254,0.8348
2017-08-07,0.8406,0.8406,0.6948,0.8406
2017-08-08,0.8545,0.8545,1.6536,0.8545
2017-08-09,0.8553,0.8553,0.0936,0.8553
2017-08-10,0.851,0.851,-0.5027,0.851
2017-08-11,0.8458,0.8458,-0.611,0.8458
2017-08-14,0.869,0.869,2.743,0.869
2017-08-15,0.8713,0.8713,0.2647,0.8713
2017-08-16,0.8836,0.8836,1.4117,0.8836
2017-08-17,0.8874,0.8874,0.4301,0.8874
2017-08-18,0.8822,0.8822,-0.586,0.8822
2017-08-21,0.8856,0.8856,0.3854,0.8856
2017-08-22,0.879,0.879,-0.7453,0.879
2017-08-23,0.8757,0.8757,-0.3754,0.8757
2017-08-24,0.8706,0.8706,-0.5824,0.8706
2017-08-25,0.8786,0.8786,0.9189,0.8786
2017-08-28,0.8923,0.8923,1.5593,0.8923
2017-08-29,0.8874,0.8874,-0.5491,0.8874
2017-08-30,0.8907,0.8907,0.3719,0.8907
2017-08-31,0.8957,0.8957,0.5614,0.8957
2017-09-01,0.9033,0.9033,0.8485,0.9033
2017-09-04,0.912,0.912,0.9631,0.912
2017-09-05,0.9133,0.9133,0.1425,0.9133
2017-09-06,0.9212,0.9212,0.865,0.9212
2017-09-07,0.9154,0.9154,-0.6296,0.9154
2017-09-08,0.9132,0.9132,-0.2403,0.9132
2017-09-11,0.9184,0.9184,0.5694,0.9184
2017-09-12,0.9125,0.9125,-0.6424,0.9125
2017-09-13,0.9143,0.9143,0.1973,0.9143
2017-09-14,0.9103,0.9103,-0.4375,0.9103
2017-09-15,0.9086,0.9086,-0.1868,0.9086
2017-09-18,0.9175,0.9175,0.9795,0.9175
2017-09-19,0.911,0.911,-0.7084,0.911
2017-09-20,0.9168,0.9168,0.6367,0.9168
2017-09-21,0.9077,0.9077,-0.9926,0.9077
2017-09-22,0.9049,0.9049,-0.3085,0.9049
2017-09-25,0.8944,0.8944,-1.1603,0.8944
2017-09-26,0.8926,0.8926,-0.2013,0.8926
2017-09-27,0.8998,0.8998,0.8066,0.8998
2017-09-28,0.8997,0.8997,-0.0111,0.8997
2017-09-29,0.9055,0.9055,0.6447,0.9055
2017-10-09,0.9158,0.9158,1.1375,0.9158
2017-10-10,0.9285,0.9285,1.3868,0.9285
2017-10-11,0.9213,0.9213,-0.7754,0.9213
2017-10-12,0.9206,0.9206,-0.076,0.9206
2017-10-13,0.9327,0.9327,1.3144,0.9327
2017-10-16,0.9127,0.9127,-2.1443,0.9127
2017-10-17,0.9102,0.9102,-0.2739,0.9102
2017-10-18,0.9062,0.9062,-0.4395,0.9062
2017-10-19,0.9038,0.9038,-0.2648,0.9038
2017-10-20,0.9118,0.9118,0.8852,0.9118
2017-10-23,0.9203,0.9203,0.9322,0.9203
2017-10-24,0.9218,0.9218,0.163,0.9218
2017-10-25,0.9271,0.9271,0.575,0.9271
2017-10-26,0.9259,0.9259,-0.1294,0.9259
2017-10-27,0.9188,0.9188,-0.7668,0.9188
2017-10-30,0.8998,0.8998,-2.0679,0.8998
2017-10-31,0.906,0.906,0.689,0.906
2017-11-01,0.9001,0.9001,-0.6512,0.9001
2017-11-02,0.8885,0.8885,-1.2887,0.8885
2017-11-03,0.8818,0.8818,-0.7541,0.8818
2017-11-06,0.8898,0.8898,0.9072,0.8898
2017-11-07,0.8938,0.8938,0.4495,0.8938
2017-11-08,0.8972,0.8972,0.3804,0.8972
2017-11-09,0.9056,0.9056,0.9362,0.9056
2017-11-10,0.9132,0.9132,0.8392,0.9132
2017-11-13,0.916,0.916,0.3066,0.916
2017-11-14,0.9116,0.9116,-0.4803,0.9116
2017-11-15,0.8938,0.8938,-1.9526,0.8938
2017-11-16,0.8986,0.8986,0.537,0.8986
2017-11-17,0.8782,0.8782,-2.2702,0.8782
2017-11-20,0.89,0.89,1.3437,0.89
2017-11-21,0.8887,0.8887,-0.1461,0.8887
2017-11-22,0.8871,0.8871,-0.18,0.8871
2017-11-23,0.8596,0.8596,-3.1,0.8596
2017-11-24,0.8537,0.8537,-0.6864,0.8537
2017-11-27,0.8434,0.8434,-1.2065,0.8434
2017-11-28,0.858,0.858,1.7311,0.858
2017-11-29,0.855,0.855,-0.3497,0.855
2017-11-30,0.8472,0.8472,-0.9123,0.8472
2017-12-01,0.863,0.863,1.865,0.863
2017-12-04,0.8598,0.8598,-0.3708,0.8598
2017-12-05,0.8418,0.8418,-2.0935,0.8418
2017-12-06,0.8534,0.8534,1.378,0.8534
2017-12-07,0.8499,0.8499,-0.4101,0.8499
2017-12-08,0.8569,0.8569,0.8236,0.8569
2017-12-11,0.8682,0.8682,1.3187,0.8682
2017-12-12,0.8597,0.8597,-0.979,0.8597
2017-12-13,0.8632,0.8632,0.4071,0.8632
2017-12-14,0.8578,0.8578,-0.6256,0.8578
2017-12-15,0.853,0.853,-0.5596,0.853
2017-12-18,0.8516,0.8516,-0.1641,0.8516
2017-12-19,0.8598,0.8598,0.9629,0.8598
2017-12-20,0.8525,0.8525,-0.849,0.8525
2017-12-21,0.856,0.856,0.4106,0.856
2017-12-22,0.8513,0.8513,-0.5491,0.8513
2017-12-25,0.8405,0.8405,-1.2686,0.8405
2017-12-26,0.842,0.842,0.1785,0.842
2017-12-27,0.8358,0.8358,-0.7363,0.8358
2017-12-28,0.8358,0.8358,0.0,0.8358
2017-12-29,0.8392,0.8392,0.4068,0.8392
2017-12-31,0.8391,0.8391,0.0,0.8391
2018-01-02,0.8467,0.8467,0.8937,0.8467
2018-01-03,0.8582,0.8582,1.3582,0.8582
2018-01-04,0.8579,0.8579,-0.035,0.8579
2018-01-05,0.861,0.861,0.3613,0.861
2018-01-08,0.8631,0.8631,0.2439,0.8631
2018-01-09,0.862,0.862,-0.1274,0.862
2018-01-10,0.8564,0.8564,-0.6497,0.8564
2018-01-11,0.8623,0.8623,0.6889,0.8623
2018-01-12,0.8539,0.8539,-0.9741,0.8539
2018-01-15,0.83,0.83,-2.7989,0.83
2018-01-16,0.8287,0.8287,-0.1566,0.8287
2018-01-17,0.8348,0.8348,0.7361,0.8348
2018-01-18,0.833,0.833,-0.2156,0.833
2018-01-19,0.8286,0.8286,-0.5282,0.8286
2018-01-22,0.8468,0.8468,2.1965,0.8468
2018-01-23,0.8466,0.8466,-0.0236,0.8466
2018-01-24,0.8675,0.8675,2.4687,0.8675
2018-01-25,0.8665,0.8665,-0.1153,0.8665
2018-01-26,0.8691,0.8691,0.3001,0.8691
2018-01-29,0.8614,0.8614,-0.886,0.8614
2018-01-30,0.8535,0.8535,-0.9171,0.8535
2018-01-31,0.8321,0.8321,-2.5073,0.8321
2018-02-01,0.8149,0.8149,-2.0671,0.8149
2018-02-02,0.8173,0.8173,0.2945,0.8173
2018-02-05,0.8109,0.8109,-0.7831,0.8109
2018-02-06,0.77,0.77,-5.0438,0.77
2018-02-07,0.7794,0.7794,1.2208,0.7794
2018-02-08,0.7907,0.7907,1.4498,0.7907
2018-02-09,0.7687,0.7687,-2.7823,0.7687
2018-02-12,0.7935,0.7935,3.2262,0.7935
2018-02-13,0.7936,0.7936,0.0126,0.7936
2018-02-14,0.7928,0.7928,-0.1008,0.7928
2018-02-22,0.807,0.807,1.7911,0.807
2018-02-23,0.8029,0.8029,-0.5081,0.8029
2018-02-26,0.8307,0.8307,3.4624,0.8307
2018-02-27,0.8372,0.8372,0.7825,0.8372
2018-02-28,0.8419,0.8419,0.5614,0.8419
2018-03-01,0.8585,0.8585,1.9717,0.8585
2018-03-02,0.8503,0.8503,-0.9552,0.8503
2018-03-05,0.8611,0.8611,1.2701,0.8611
2018-03-06,0.862,0.862,0.1045,0.862
2018-03-07,0.8564,0.8564,-0.6497,0.8564
2018-03-08,0.8601,0.8601,0.432,0.8601
2018-03-09,0.8889,0.8889,3.3484,0.8889
2018-03-12,0.9008,0.9008,1.3387,0.9008
2018-03-13,0.8964,0.8964,-0.4885,0.8964
2018-03-14,0.8821,0.8821,-1.5953,0.8821
2018-03-15,0.8854,0.8854,0.3741,0.8854
2018-03-16,0.8729,0.8729,-1.4118,0.8729
2018-03-19,0.8826,0.8826,1.1112,0.8826
2018-03-20,0.8922,0.8922,1.0877,0.8922
2018-03-21,0.8762,0.8762,-1.7933,0.8762
2018-03-22,0.8705,0.8705,-0.6505,0.8705
2018-03-23,0.8292,0.8292,-4.7444,0.8292
2018-03-26,0.8542,0.8542,3.015,0.8542
2018-03-27,0.8831,0.8831,3.3833,0.8831
2018-03-28,0.8788,0.8788,-0.4869,0.8788
2018-03-29,0.8821,0.8821,0.3755,0.8821
2018-03-30,0.9088,0.9088,3.0269,0.9088
2018-04-02,0.9087,0.9087,-0.011,0.9087
2018-04-03,0.8965,0.8965,-1.3426,0.8965
2018-04-04,0.8807,0.8807,-1.7624,0.8807
2018-04-09,0.8829,0.8829,0.2498,0.8829
2018-04-10,0.8802,0.8802,-0.3058,0.8802
2018-04-11,0.8798,0.8798,-0.0454,0.8798
2018-04-12,0.8763,0.8763,-0.3978,0.8763
2018-04-13,0.8753,0.8753,-0.1141,0.8753
2018-04-16,0.8817,0.8817,0.7312,0.8817
2018-04-17,0.8567,0.8567,-2.8354,0.8567
2018-04-18,0.8743,0.8743,2.0544,0.8743
2018-04-19,0.8735,0.8735,-0.0915,0.8735
2018-04-20,0.8564,0.8564,-1.9576,0.8564
2018-04-23,0.8428,0.8428,-1.588,0.8428
2018-04-24,0.8672,0.8672,2.8951,0.8672
2018-04-25,0.8729,0.8729,0.6573,0.8729
2018-04-26,0.8555,0.8555,-1.9934,0.8555
2018-04-27,0.8665,0.8665,1.2858,0.8665
2018-05-02,0.8647,0.8647,-0.2077,0.8647
2018-05-03,0.8762,0.8762,1.3299,0.8762
2018-05-04,0.8709,0.8709,-0.6049,0.8709
2018-05-07,0.8875,0.8875,1.9061,0.8875
2018-05-08,0.8895,0.8895,0.2254,0.8895
2018-05-09,0.8891,0.8891,-0.045,0.8891
2018-05-10,0.8934,0.8934,0.4836,0.8934
2018-05-11,0.8795,0.8795,-1.5559,0.8795
2018-05-14,0.8781,0.8781,-0.1592,0.8781
2018-05-15,0.8904,0.8904,1.4008,0.8904
2018-05-16,0.8853,0.8853,-0.5728,0.8853
2018-05-17,0.8783,0.8783,-0.7907,0.8783
2018-05-18,0.881,0.881,0.3074,0.881
2018-05-21,0.8926,0.8926,1.3167,0.8926
2018-05-22,0.8988,0.8988,0.6946,0.8988
2018-05-23,0.8852,0.8852,-1.5131,0.8852
2018-05-24,0.882,0.882,-0.3615,0.882
2018-05-25,0.8668,0.8668,-1.7234,0.8668
2018-05-28,0.8633,0.8633,-0.4038,0.8633
2018-05-29,0.8528,0.8528,-1.2163,0.8528
2018-05-30,0.8313,0.8313,-2.5211,0.8313
2018-05-31,0.8404,0.8404,1.0947,0.8404
2018-06-01,0.8252,0.8252,-1.8087,0.8252
2018-06-04,0.8221,0.8221,-0.3757,0.8221
2018-06-05,0.8418,0.8418,2.3963,0.8418
2018-06-06,0.8405,0.8405,-0.1544,0.8405
2018-06-07,0.8347,0.8347,-0.6901,0.8347
2018-06-08,0.8262,0.8262,-1.0183,0.8262
2018-06-11,0.8158,0.8158,-1.2588,0.8158
2018-06-12,0.8268,0.8268,1.3484,0.8268
2018-06-13,0.8147,0.8147,-1.4635,0.8147
2018-06-14,0.8089,0.8089,-0.7119,0.8089
2018-06-15,0.7946,0.7946,-1.7678,0.7946
2018-06-19,0.7514,0.7514,-5.4367,0.7514
2018-06-20,0.7591,0.7591,1.0248,0.7591
2018-06-21,0.7397,0.7397,-2.5557,0.7397
2018-06-22,0.7528,0.7528,1.771,0.7528
2018-06-25,0.7477,0.7477,-0.6775,0.7477
2018-06-26,0.7599,0.7599,1.6317,0.7599
2018-06-27,0.7513,0.7513,-1.1317,0.7513
2018-06-28,0.7502,0.7502,-0.1464,0.7502
2018-06-29,0.7788,0.7788,3.8123,0.7788
2018-06-30,0.7788,0.7788,0.0,0.7788
2018-07-02,0.7708,0.7708,-1.0272,0.7708
2018-07-03,0.7799,0.7799,1.1806,0.7799
2018-07-04,0.7616,0.7616,-2.3465,0.7616
2018-07-05,0.7471,0.7471,-1.9039,0.7471
2018-07-06,0.7516,0.7516,0.6023,0.7516
2018-07-09,0.7708,0.7708,2.5546,0.7708
2018-07-10,0.7763,0.7763,0.7135,0.7763
2018-07-11,0.763,0.763,-1.7133,0.763
2018-07-12,0.7865,0.7865,3.0799,0.7865
2018-07-13,0.7886,0.7886,0.267,0.7886
2018-07-16,0.7879,0.7879,-0.0888,0.7879
2018-07-17,0.7901,0.7901,0.2792,0.7901
2018-07-18,0.7838,0.7838,-0.7974,0.7838
2018-07-19,0.7755,0.7755,-1.0589,0.7755
2018-07-20,0.7846,0.7846,1.1734,0.7846
2018-07-23,0.7898,0.7898,0.6628,0.7898
2018-07-24,0.7938,0.7938,0.5065,0.7938
2018-07-25,0.7951,0.7951,0.1638,0.7951
2018-07-26,0.7829,0.7829,-1.5344,0.7829
2018-07-27,0.7777,0.7777,-0.6642,0.7777
2018-07-30,0.7615,0.7615,-2.0831,0.7615
2018-07-31,0.7619,0.7619,0.0525,0.7619
2018-08-01,0.7527,0.7527,-1.2075,0.7527
2018-08-02,0.738,0.738,-1.953,0.738
2018-08-03,0.7248,0.7248,-1.7886,0.7248
2018-08-06,0.7058,0.7058,-2.6214,0.7058
2018-08-07,0.7236,0.7236,2.522,0.7236
2018-08-08,0.7087,0.7087,-2.0591,0.7087
2018-08-09,0.7315,0.7315,3.2172,0.7315
2018-08-10,0.738,0.738,0.8886,0.738
2018-08-13,0.7471,0.7471,1.2331,0.7471
2018-08-14,0.7412,0.7412,-0.7897,0.7412
2018-08-15,0.7226,0.7226,-2.5094,0.7226
2018-08-16,0.716,0.716,-0.9134,0.716
2018-08-17,0.7023,0.7023,-1.9134,0.7023
2018-08-20,0.7029,0.7029,0.0854,0.7029
2018-08-21,0.7128,0.7128,1.4085,0.7128
2018-08-22,0.7047,0.7047,-1.1364,0.7047
2018-08-23,0.7121,0.7121,1.0501,0.7121
2018-08-24,0.7096,0.7096,-0.3511,0.7096
2018-08-27,0.7297,0.7297,2.8326,0.7297
2018-08-28,0.7295,0.7295,-0.0274,0.7295
2018-08-29,0.724,0.724,-0.7539,0.724
2018-08-30,0.7132,0.7132,-1.4917,0.7132
2018-08-31,0.7027,0.7027,-1.4722,0.7027
2018-09-03,0.7066,0.7066,0.555,0.7066
2018-09-04,0.7121,0.7121,0.7784,0.7121
2018-09-05,0.7003,0.7003,-1.6571,0.7003
2018-09-06,0.6969,0.6969,-0.4855,0.6969
2018-09-07,0.6981,0.6981,0.1722,0.6981
2018-09-10,0.682,0.682,-2.3063,0.682
2018-09-11,0.6841,0.6841,0.3079,0.6841
2018-09-12,0.6797,0.6797,-0.6432,0.6797
2018-09-13,0.6823,0.6823,0.3825,0.6823
2018-09-14,0.6708,0.6708,-1.6855,0.6708
2018-09-17,0.6629,0.6629,-1.1777,0.6629
2018-09-18,0.6757,0.6757,1.9309,0.6757
2018-09-19,0.6828,0.6828,1.0508,0.6828
2018-09-20,0.6806,0.6806,-0.3222,0.6806
2018-09-21,0.6916,0.6916,1.6162,0.6916
2018-09-25,0.6891,0.6891,-0.3615,0.6891
2018-09-26,0.696,0.696,1.0013,0.696
2018-09-27,0.6865,0.6865,-1.3649,0.6865
2018-09-28,0.6915,0.6915,0.7283,0.6915
2018-10-08,0.6646,0.6646,-3.8901,0.6646
2018-10-09,0.6611,0.6611,-0.5266,0.6611
2018-10-10,0.6614,0.6614,0.0454,0.6614
2018-10-11,0.6218,0.6218,-5.9873,0.6218
2018-10-12,0.6249,0.6249,0.4986,0.6249
2018-10-15,0.6163,0.6163,-1.3762,0.6163
2018-10-16,0.6007,0.6007,-2.5312,0.6007
2018-10-17,0.6079,0.6079,1.1986,0.6079
2018-10-18,0.5953,0.5953,-2.0727,0.5953
2018-10-19,0.6164,0.6164,3.5444,0.6164
2018-10-22,0.6468,0.6468,4.9319,0.6468
2018-10-23,0.6366,0.6366,-1.577,0.6366
2018-10-24,0.6329,0.6329,-0.5812,0.6329
2018-10-25,0.628,0.628,-0.7742,0.628
2018-10-26,0.6231,0.6231,-0.7803,0.6231
2018-10-29,0.6172,0.6172,-0.9469,0.6172
2018-10-30,0.6216,0.6216,0.7129,0.6216
2018-10-31,0.629,0.629,1.1905,0.629
2018-11-01,0.634,0.634,0.7949,0.634
2018-11-02,0.6629,0.6629,4.5584,0.6629
2018-11-05,0.6632,0.6632,0.0453,0.6632
2018-11-06,0.6634,0.6634,0.0302,0.6634
2018-11-07,0.6618,0.6618,-0.2412,0.6618
2018-11-08,0.6542,0.6542,-1.1484,0.6542
2018-11-09,0.6511,0.6511,-0.4739,0.6511
2018-11-12,0.6724,0.6724,3.2714,0.6724
2018-11-13,0.6833,0.6833,1.6211,0.6833
2018-11-14,0.6804,0.6804,-0.4244,0.6804
2018-11-15,0.6895,0.6895,1.3374,0.6895
2018-11-16,0.6885,0.6885,-0.145,0.6885
2018-11-19,0.6844,0.6844,-0.5955,0.6844
2018-11-20,0.6662,0.6662,-2.6593,0.6662
2018-11-21,0.6698,0.6698,0.5404,0.6698
2018-11-22,0.6655,0.6655,-0.642,0.6655
2018-11-23,0.6444,0.6444,-3.1705,0.6444
2018-11-26,0.6424,0.6424,-0.3104,0.6424
2018-11-27,0.6475,0.6475,0.7939,0.6475
2018-11-28,0.6595,0.6595,1.8533,0.6595
2018-11-29,0.6465,0.6465,-1.9712,0.6465
2018-11-30,0.6545,0.6545,1.2374,0.6545
2018-12-03,0.6749,0.6749,3.1169,0.6749
2018-12-04,0.6777,0.6777,0.4149,0.6777
2018-12-05,0.6792,0.6792,0.2213,0.6792
2018-12-06,0.6623,0.6623,-2.4882,0.6623
2018-12-07,0.6601,0.6601,-0.3322,0.6601
2018-12-10,0.6534,0.6534,-1.015,0.6534
2018-12-11,0.6586,0.6586,0.7958,0.6586
2018-12-12,0.6589,0.6589,0.0456,0.6589
2018-12-13,0.6635,0.6635,0.6981,0.6635
2018-12-14,0.6458,0.6458,-2.6677,0.6458
2018-12-17,0.6405,0.6405,-0.8207,0.6405
2018-12-18,0.6378,0.6378,-0.4215,0.6378
2018-12-19,0.6263,0.6263,-1.8031,0.6263
2018-12-20,0.6306,0.6306,0.6866,0.6306
2018-12-21,0.6271,0.6271,-0.555,0.6271
2018-12-24,0.6339,0.6339,1.0844,0.6339
2018-12-25,0.629,0.629,-0.773,0.629
2018-12-26,0.6246,0.6246,-0.6995,0.6246
2018-12-27,0.6172,0.6172,-1.1848,0.6172
2018-12-28,0.6183,0.6183,0.1782,0.6183
2018-12-31,0.6182,0.6182,0.0,0.6182
2019-01-02,0.608,0.608,-1.6659,0.608
2019-01-03,0.6014,0.6014,-1.0855,0.6014
2019-01-04,0.6158,0.6158,2.3944,0.6158
2019-01-07,0.6264,0.6264,1.7213,0.6264
2019-01-08,0.6243,0.6243,-0.3352,0.6243
2019-01-09,0.6238,0.6238,-0.0801,0.6238
2019-01-10,0.6222,0.6222,-0.2565,0.6222
2019-01-11,0.6234,0.6234,0.1929,0.6234
2019-01-14,0.6161,0.6161,-1.171,0.6161
2019-01-15,0.6256,0.6256,1.542,0.6256
2019-01-16,0.6261,0.6261,0.0799,0.6261
2019-01-17,0.6187,0.6187,-1.1819,0.6187
2019-01-18,0.6271,0.6271,1.3577,0.6271
2019-01-21,0.6296,0.6296,0.3987,0.6296
2019-01-22,0.619,0.619,-1.6836,0.619
2019-01-23,0.6185,0.6185,-0.0808,0.6185
2019-01-24,0.625,0.625,1.0509,0.625
2019-01-25,0.6252,0.6252,0.032,0.6252
2019-01-28,0.6225,0.6225,-0.4319,0.6225
2019-01-29,0.615,0.615,-1.2048,0.615
2019-01-30,0.609,0.609,-0.9756,0.609
2019-01-31,0.6077,0.6077,-0.2135,0.6077
2019-02-01,0.6279,0.6279,3.324,0.6279
2019-02-11,0.6485,0.6485,3.2808,0.6485
2019-02-12,0.6559,0.6559,1.1411,0.6559
2019-02-13,0.6677,0.6677,1.7991,0.6677
2019-02-14,0.6698,0.6698,0.3145,0.6698
2019-02-15,0.6679,0.6679,-0.2837,0.6679
2019-02-18,0.6939,0.6939,3.8928,0.6939
2019-02-19,0.6904,0.6904,-0.5044,0.6904
2019-02-20,0.6915,0.6915,0.1593,0.6915
2019-02-21,0.6934,0.6934,0.2748,0.6934
2019-02-22,0.7138,0.7138,2.942,0.7138
2019-02-25,0.7507,0.7507,5.1695,0.7507
2019-02-26,0.7555,0.7555,0.6394,0.7555
2019-02-27,0.7432,0.7432,-1.6281,0.7432
2019-02-28,0.7503,0.7503,0.9553,0.7503
2019-03-01,0.7657,0.7657,2.0525,0.7657
2019-03-04,0.7895,0.7895,3.1083,0.7895
2019-03-05,0.8154,0.8154,3.2806,0.8154
2019-03-06,0.8266,0.8266,1.3736,0.8266
2019-03-07,0.8228,0.8228,-0.4597,0.8228
2019-03-08,0.8056,0.8056,-2.0904,0.8056
2019-03-11,0.8399,0.8399,4.2577,0.8399
2019-03-12,0.861,0.861,2.5122,0.861
2019-03-13,0.8245,0.8245,-4.2393,0.8245
2019-03-14,0.8052,0.8052,-2.3408,0.8052
2019-03-15,0.8108,0.8108,0.6955,0.8108
2019-03-18,0.8313,0.8313,2.5284,0.8313
2019-03-19,0.8321,0.8321,0.0962,0.8321
2019-03-20,0.8224,0.8224,-1.1657,0.8224
2019-03-21,0.8298,0.8298,0.8998,0.8298
2019-03-22,0.8252,0.8252,-0.5544,0.8252
2019-03-25,0.8137,0.8137,-1.3936,0.8137
2019-03-26,0.7959,0.7959,-2.1875,0.7959
2019-03-27,0.7995,0.7995,0.4523,0.7995
2019-03-28,0.7944,0.7944,-0.6379,0.7944
2019-03-29,0.8255,0.8255,3.9149,0.8255
2019-04-01,0.8567,0.8567,3.7795,0.8567
2019-04-02,0.8536,0.8536,-0.3619,0.8536
2019-04-03,0.8605,0.8605,0.8083,0.8605
2019-04-04,0.865,0.865,0.523,0.865
2019-04-08,0.8477,0.8477,-2.0,0.8477
2019-04-09,0.8483,0.8483,0.0708,0.8483
2019-04-10,0.8417,0.8417,-0.778,0.8417
2019-04-11,0.8252,0.8252,-1.9603,0.8252
2019-04-12,0.8274,0.8274,0.2666,0.8274
2019-04-15,0.8141,0.8141,-1.6074,0.8141
2019-04-16,0.8283,0.8283,1.7443,0.8283
2019-04-17,0.8375,0.8375,1.1107,0.8375
2019-04-18,0.8315,0.8315,-0.7164,0.8315
2019-04-19,0.8367,0.8367,0.6254,0.8367
2019-04-22,0.8283,0.8283,-1.0039,0.8283
2019-04-23,0.822,0.822,-0.7606,0.822
2019-04-24,0.8382,0.8382,1.9708,0.8382
2019-04-25,0.8157,0.8157,-2.6843,0.8157
2019-04-26,0.8101,0.8101,-0.6865,0.8101
2019-04-29,0.7906,0.7906,-2.4071,0.7906
2019-04-30,0.7944,0.7944,0.4806,0.7944
2019-05-06,0.7347,0.7347,-7.5151,0.7347
2019-05-07,0.739,0.739,0.5853,0.739
2019-05-08,0.7287,0.7287,-1.3938,0.7287
2019-05-09,0.723,0.723,-0.7822,0.723
2019-05-10,0.7529,0.7529,4.1355,0.7529
2019-05-13,0.7387,0.7387,-1.886,0.7387
2019-05-14,0.7347,0.7347,-0.5415,0.7347
2019-05-15,0.7506,0.7506,2.1641,0.7506
2019-05-16,0.7531,0.7531,0.3331,0.7531
2019-05-17,0.7275,0.7275,-3.3993,0.7275
2019-05-20,0.7231,0.7231,-0.6048,0.7231
2019-05-21,0.7344,0.7344,1.5627,0.7344
2019-05-22,0.7321,0.7321,-0.3132,0.7321
2019-05-23,0.7148,0.7148,-2.3631,0.7148
2019-05-24,0.7113,0.7113,-0.4896,0.7113
2019-05-27,0.7339,0.7339,3.1773,0.7339
2019-05-28,0.7401,0.7401,0.8448,0.7401
2019-05-29,0.7368,0.7368,-0.4459,0.7368
2019-05-30,0.731,0.731,-0.7872,0.731
2019-05-31,0.7315,0.7315,0.0684,0.7315
2019-06-03,0.7246,0.7246,-0.9433,0.7246
2019-06-04,0.7188,0.7188,-0.8004,0.7188
2019-06-05,0.7166,0.7166,-0.3061,0.7166
2019-06-06,0.7003,0.7003,-2.2746,0.7003
2019-06-10,0.7073,0.7073,0.9996,0.7073
2019-06-11,0.7331,0.7331,3.6477,0.7331
2019-06-12,0.7269,0.7269,-0.8457,0.7269
2019-06-13,0.7297,0.7297,0.3852,0.7297
2019-06-14,0.7186,0.7186,-1.5212,0.7186
2019-06-17,0.7131,0.7131,-0.7654,0.7131
2019-06-18,0.7194,0.7194,0.8835,0.7194
2019-06-19,0.726,0.726,0.9174,0.726
2019-06-20,0.7391,0.7391,1.8044,0.7391
2019-06-21,0.7513,0.7513,1.6507,0.7513
2019-06-24,0.747,0.747,-0.5723,0.747
2019-06-25,0.7396,0.7396,-0.9906,0.7396
2019-06-26,0.7424,0.7424,0.3786,0.7424
2019-06-27,0.7522,0.7522,1.32,0.7522
2019-06-28,0.7458,0.7458,-0.8508,0.7458
2019-06-30,0.7457,0.7457,0.0,0.7457
2019-07-01,0.7726,0.7726,3.5935,0.7726
2019-07-02,0.7737,0.7737,0.1424,0.7737
2019-07-03,0.7614,0.7614,-1.5898,0.7614
2019-07-04,0.756,0.756,-0.7092,0.756
2019-07-05,0.7632,0.7632,0.9524,0.7632
2019-07-08,0.7441,0.7441,-2.5026,0.7441
2019-07-09,0.7493,0.7493,0.6988,0.7493
2019-07-10,0.7459,0.7459,-0.4538,0.7459
2019-07-11,0.7477,0.7477,0.2413,0.7477
2019-07-12,0.7495,0.7495,0.2407,0.7495
2019-07-15,0.7633,0.7633,1.8412,0.7633
2019-07-16,0.7622,0.7622,-0.1441,0.7622
2019-07-17,0.7646,0.7646,0.3149,0.7646
2019-07-18,0.7526,0.7526,-1.5694,0.7526
2019-07-19,0.7607,0.7607,1.0763,0.7607
2019-07-22,0.7487,0.7487,-1.5775,0.7487
2019-07-23,0.7575,0.7575,1.1754,0.7575
2019-07-24,0.7663,0.7663,1.1617,0.7663
2019-07-25,0.772,0.772,0.7438,0.772
2019-07-26,0.7701,0.7701,-0.2461,0.7701
2019-07-29,0.7722,0.7722,0.2727,0.7722
2019-07-30,0.7785,0.7785,0.8159,0.7785
2019-07-31,0.7739,0.7739,-0.5909,0.7739
2019-08-01,0.7755,0.7755,0.2067,0.7755
2019-08-02,0.7676,0.7676,-1.0187,0.7676
2019-08-05,0.7557,0.7557,-1.5503,0.7557
2019-08-06,0.7448,0.7448,-1.4424,0.7448
2019-08-07,0.7413,0.7413,-0.4699,0.7413
2019-08-08,0.7519,0.7519,1.4299,0.7519
2019-08-09,0.7448,0.7448,-0.9443,0.7448
2019-08-12,0.7598,0.7598,2.014,0.7598
2019-08-13,0.7525,0.7525,-0.9608,0.7525
2019-08-14,0.7583,0.7583,0.7708,0.7583
2019-08-15,0.7672,0.7672,1.1737,0.7672
2019-08-16,0.773,0.773,0.756,0.773
2019-08-19,0.7986,0.7986,3.3118,0.7986
2019-08-20,0.7934,0.7934,-0.6511,0.7934
2019-08-21,0.7925,0.7925,-0.1134,0.7925
2019-08-22,0.7942,0.7942,0.2145,0.7942
2019-08-23,0.7952,0.7952,0.1259,0.7952
2019-08-26,0.7883,0.7883,-0.8677,0.7883
2019-08-27,0.801,0.801,1.6111,0.801
2019-08-28,0.7997,0.7997,-0.1623,0.7997
2019-08-29,0.7976,0.7976,-0.2626,0.7976
2019-08-30,0.7929,0.7929,-0.5893,0.7929
2019-09-02,0.8122,0.8122,2.4341,0.8122
2019-09-03,0.816,0.816,0.4679,0.816
2019-09-04,0.8202,0.8202,0.5147,0.8202
2019-09-05,0.8295,0.8295,1.1339,0.8295
2019-09-06,0.8309,0.8309,0.1688,0.8309
2019-09-09,0.8501,0.8501,2.3107,0.8501
2019-09-10,0.8464,0.8464,-0.4352,0.8464
2019-09-11,0.8363,0.8363,-1.1933,0.8363
2019-09-12,0.8396,0.8396,0.3946,0.8396
2019-09-16,0.8413,0.8413,0.2025,0.8413
2019-09-17,0.8243,0.8243,-2.0207,0.8243
2019-09-18,0.825,0.825,0.0849,0.825
2019-09-19,0.8372,0.8372,1.4788,0.8372
2019-09-20,0.837,0.837,-0.0239,0.837
2019-09-23,0.8274,0.8274,-1.147,0.8274
2019-09-24,0.8321,0.8321,0.568,0.8321
2019-09-25,0.8219,0.8219,-1.2258,0.8219
2019-09-26,0.7992,0.7992,-2.7619,0.7992
2019-09-27,0.8101,0.8101,1.3639,0.8101
2019-09-30,0.8008,0.8008,-1.148,0.8008
2019-10-08,0.7956,0.7956,-0.6494,0.7956
2019-10-09,0.7983,0.7983,0.3394,0.7983
2019-10-10,0.819,0.819,2.593,0.819
2019-10-11,0.8196,0.8196,0.0733,0.8196
2019-10-14,0.8254,0.8254,0.7077,0.8254
2019-10-15,0.8168,0.8168,-1.0419,0.8168
2019-10-16,0.8146,0.8146,-0.2693,0.8146
2019-10-17,0.8155,0.8155,0.1105,0.8155
2019-10-18,0.811,0.811,-0.5518,0.811
2019-10-21,0.809,0.809,-0.2466,0.809
2019-10-22,0.8194,0.8194,1.2855,0.8194
2019-10-23,0.8117,0.8117,-0.9397,0.8117
2019-10-24,0.8133,0.8133,0.1971,0.8133
2019-10-25,0.8233,0.8233,1.2296,0.8233
2019-10-28,0.8368,0.8368,1.6397,0.8368
2019-10-29,0.8285,0.8285,-0.9919,0.8285
2019-10-30,0.8273,0.8273,-0.1448,0.8273
2019-10-31,0.8213,0.8213,-0.7253,0.8213
2019-11-01,0.8286,0.8286,0.8888,0.8286
2019-11-04,0.8346,0.8346,0.7241,0.8346
2019-11-05,0.8408,0.8408,0.7429,0.8408
2019-11-06,0.836,0.836,-0.5709,0.836
2019-11-07,0.8418,0.8418,0.6938,0.8418
2019-11-08,0.8398,0.8398,-0.2376,0.8398
2019-11-11,0.822,0.822,-2.1196,0.822
2019-11-12,0.8212,0.8212,-0.0973,0.8212
2019-11-13,0.826,0.826,0.5845,0.826
2019-11-14,0.831,0.831,0.6053,0.831
2019-11-15,0.8228,0.8228,-0.9868,0.8228
2019-11-18,0.8263,0.8263,0.4254,0.8263
2019-11-19,0.8479,0.8479,2.6141,0.8479
2019-11-20,0.8436,0.8436,-0.5071,0.8436
2019-11-21,0.8406,0.8406,-0.3556,0.8406
2019-11-22,0.8252,0.8252,-1.832,0.8252
2019-11-25,0.8168,0.8168,-1.0179,0.8168
2019-11-26,0.8247,0.8247,0.9672,0.8247
2019-11-27,0.8226,0.8226,-0.2546,0.8226
2019-11-28,0.8223,0.8223,-0.0365,0.8223
2019-11-29,0.8183,0.8183,-0.4864,0.8183
2019-12-02,0.8204,0.8204,0.2566,0.8204
2019-12-03,0.8231,0.8231,0.3291,0.8231
2019-12-04,0.8224,0.8224,-0.085,0.8224
2019-12-05,0.8391,0.8391,2.0306,0.8391
2019-12-06,0.8473,0.8473,0.9772,0.8473
2019-12-09,0.8446,0.8446,-0.3187,0.8446
2019-12-10,0.8506,0.8506,0.7104,0.8506
2019-12-11,0.8433,0.8433,-0.8582,0.8433
2019-12-12,0.8446,0.8446,0.1542,0.8446
2019-12-13,0.8601,0.8601,1.8352,0.8601
2019-12-16,0.8717,0.8717,1.3487,0.8717
2019-12-17,0.8818,0.8818,1.1587,0.8818
2019-12-18,0.8774,0.8774,-0.499,0.8774
2019-12-19,0.8765,0.8765,-0.1026,0.8765
2019-12-20,0.8678,0.8678,-0.9926,0.8678
2019-12-23,0.8514,0.8514,-1.8898,0.8514
2019-12-24,0.8668,0.8668,1.8088,0.8668
2019-12-25,0.8736,0.8736,0.7845,0.8736
2019-12-26,0.8779,0.8779,0.4922,0.8779
2019-12-27,0.8658,0.8658,-1.3783,0.8658
2019-12-30,0.8763,0.8763,1.2128,0.8763
2019-12-31,0.8799,0.8799,0.4108,0.8799
2020-01-02,0.896,0.896,1.8298,0.896
2020-01-03,0.8975,0.8975,0.1674,0.8975
2020-01-06,0.9084,0.9084,1.2145,0.9084
2020-01-07,0.9239,0.9239,1.7063,0.9239
2020-01-08,0.9097,0.9097,-1.537,0.9097
2020-01-09,0.933,0.933,2.5613,0.933
2020-01-10,0.9291,0.9291,-0.418,0.9291
2020-01-13,0.9433,0.9433,1.5284,0.9433
2020-01-14,0.9376,0.9376,-0.6043,0.9376
2020-01-15,0.9383,0.9383,0.0747,0.9383
2020-01-16,0.9409,0.9409,0.2771,0.9409
2020-01-17,0.9421,0.9421,0.1275,0.9421
2020-01-20,0.9649,0.9649,2.4201,0.9649
2020-01-21,0.9579,0.9579,-0.7255,0.9579
2020-01-22,0.9703,0.9703,1.2945,0.9703
2020-01-23,0.9399,0.9399,-3.1331,0.9399
2020-02-03,0.879,0.879,-6.4794,0.879
2020-02-04,0.9213,0.9213,4.8123,0.9213
2020-02-05,0.9484,0.9484,2.9415,0.9484
2020-02-06,0.982,0.982,3.5428,0.982
2020-02-07,0.9836,0.9836,0.1629,0.9836
2020-02-10,0.996,0.996,1.2607,0.996
2020-02-11,0.9896,0.9896,-0.6426,0.9896
2020-02-12,1.0159,1.0159,2.6576,1.0159
2020-02-13,1.0064,1.0064,-0.9351,1.0064
2020-02-14,1.0095,1.0095,0.308,1.0095
2020-02-17,1.045,1.045,3.5166,1.045
2020-02-18,1.0565,1.0565,1.1005,1.0565
2020-02-19,1.042,1.042,-1.3725,1.042
2020-02-20,1.0639,1.0639,2.1017,1.0639
2020-02-21,1.0822,1.0822,1.7201,1.0822
2020-02-24,1.0994,1.0994,1.5894,1.0994
2020-02-25,1.1102,1.1102,0.9824,1.1102
2020-02-26,1.0614,1.0614,-4.3956,1.0614
2020-02-27,1.0688,1.0688,0.6972,1.0688
2020-02-28,1.0111,1.0111,-5.3986,1.0111
2020-03-02,1.0398,1.0398,2.8385,1.0398
2020-03-03,1.0572,1.0572,1.6734,1.0572
2020-03-04,1.0554,1.0554,-0.1703,1.0554
2020-03-05,1.0735,1.0735,1.715,1.0735
2020-03-06,1.0658,1.0658,-0.7173,1.0658
2020-03-09,1.0198,1.0198,-4.316,1.0198
2020-03-10,1.0456,1.0456,2.5299,1.0456
2020-03-11,1.0238,1.0238,-2.0849,1.0238
2020-03-12,0.9983,0.9983,-2.4907,0.9983
2020-03-13,0.9918,0.9918,-0.6511,0.9918
2020-03-16,0.9364,0.9364,-5.5858,0.9364
2020-03-17,0.9396,0.9396,0.3417,0.9396
2020-03-18,0.9254,0.9254,-1.5113,0.9254
2020-03-19,0.9292,0.9292,0.4106,0.9292
2020-03-20,0.9385,0.9385,1.0009,0.9385
2020-03-23,0.8976,0.8976,-4.358,0.8976
2020-03-24,0.9207,0.9207,2.5735,0.9207
2020-03-25,0.948,0.948,2.9651,0.948
2020-03-26,0.9432,0.9432,-0.5063,0.9432
2020-03-27,0.9324,0.9324,-1.145,0.9324
2020-03-30,0.9123,0.9123,-2.1557,0.9123
2020-03-31,0.9175,0.9175,0.57,0.9175
2020-04-01,0.9143,0.9143,-0.3488,0.9143
2020-04-02,0.9385,0.9385,2.6468,0.9385
2020-04-03,0.9338,0.9338,-0.5008,0.9338
2020-04-07,0.963,0.963,3.127,0.963
2020-04-08,0.9607,0.9607,-0.2388,0.9607
2020-04-09,0.9757,0.9757,1.5614,0.9757
2020-04-10,0.9537,0.9537,-2.2548,0.9537
2020-04-13,0.9414,0.9414,-1.2897,0.9414
2020-04-14,0.9702,0.9702,3.0593,0.9702
2020-04-15,0.9666,0.9666,-0.3711,0.9666
2020-04-16,0.9809,0.9809,1.4794,0.9809
2020-04-17,0.9867,0.9867,0.5913,0.9867
2020-04-20,0.9971,0.9971,1.054,0.9971
2020-04-21,0.9881,0.9881,-0.9026,0.9881
2020-04-22,0.9971,0.9971,0.9108,0.9971
2020-04-23,0.9908,0.9908,-0.6318,0.9908
2020-04-24,0.9788,0.9788,-1.2111,0.9788
2020-04-27,0.9857,0.9857,0.7049,0.9857
2020-04-28,0.9912,0.9912,0.558,0.9912
2020-04-29,0.9912,0.9912,0.0,0.9912
2020-04-30,1.0092,1.0092,1.816,1.0092
2020-05-06,1.0283,1.0283,1.8926,1.0283
2020-05-07,1.0267,1.0267,-0.1556,1.0267
2020-05-08,1.0353,1.0353,0.8376,1.0353
2020-05-11,1.0249,1.0249,-1.0045,1.0249
2020-05-12,1.0348,1.0348,0.9659,1.0348
2020-05-13,1.0424,1.0424,0.7344,1.0424
2020-05-14,1.0319,1.0319,-1.0073,1.0319
2020-05-15,1.0354,1.0354,0.3392,1.0354
2020-05-18,1.0311,1.0311,-0.4153,1.0311
2020-05-19,1.0445,1.0445,1.2996,1.0445
2020-05-20,1.0327,1.0327,-1.1297,1.0327
2020-05-21,1.0242,1.0242,-0.8231,1.0242
2020-05-22,0.9999,0.9999,-2.3726,0.9999
2020-05-25,1.0027,1.0027,0.28,1.0027
2020-05-26,1.0305,1.0305,2.7725,1.0305
2020-05-27,1.0115,1.0115,-1.8438,1.0115
2020-05-28,1.0042,1.0042,-0.7217,1.0042
2020-05-29,1.018,1.018,1.3742,1.018
2020-06-01,1.0504,1.0504,3.1827,1.0504
2020-06-02,1.0442,1.0442,-0.5903,1.0442
2020-06-03,1.0434,1.0434,-0.0766,1.0434
2020-06-04,1.0474,1.0474,0.3834,1.0474
2020-06-05,1.0543,1.0543,0.6588,1.0543
2020-06-08,1.0485,1.0485,-0.5501,1.0485
2020-06-09,1.0613,1.0613,1.2208,1.0613
2020-06-10,1.0709,1.0709,0.9046,1.0709
2020-06-11,1.0701,1.0701,-0.0747,1.0701
2020-06-12,1.0753,1.0753,0.4859,1.0753
2020-06-15,1.0814,1.0814,0.5673,1.0814
2020-06-16,1.1005,1.1005,1.7662,1.1005
2020-06-17,1.1022,1.1022,0.1545,1.1022
2020-06-18,1.1031,1.1031,0.0817,1.1031
2020-06-19,1.1278,1.1278,2.2391,1.1278
2020-06-22,1.1388,1.1388,0.9754,1.1388
2020-06-23,1.1568,1.1568,1.5806,1.1568
2020-06-24,1.1568,1.1568,0.0,1.1568
2020-06-29,1.1525,1.1525,-0.3717,1.1525
2020-06-30,1.1818,1.1818,2.5423,1.1818
2020-07-01,1.1734,1.1734,-0.7108,1.1734
2020-07-02,1.1758,1.1758,0.2045,1.1758
2020-07-03,1.1934,1.1934,1.4969,1.1934
2020-07-06,1.2244,1.2244,2.5976,1.2244
2020-07-07,1.2527,1.2527,2.3113,1.2527
2020-07-08,1.2805,1.2805,2.2192,1.2805
2020-07-09,1.3284,1.3284,3.7407,1.3284
2020-07-10,1.3381,1.3381,0.7302,1.3381
2020-07-13,1.3885,1.3885,3.7665,1.3885
2020-07-14,1.3747,1.3747,-0.9939,1.3747
2020-07-15,1.354,1.354,-1.5058,1.354
2020-07-16,1.278,1.278,-5.613,1.278
2020-07-17,1.2856,1.2856,0.5947,1.2856
2020-07-20,1.3018,1.3018,1.2601,1.3018
2020-07-21,1.3197,1.3197,1.375,1.3197
2020-07-22,1.3346,1.3346,1.129,1.3346
2020-07-23,1.3486,1.3486,1.049,1.3486
2020-07-24,1.2701,1.2701,-5.8209,1.2701
2020-07-27,1.272,1.272,0.1496,1.272
2020-07-28,1.2879,1.2879,1.25,1.2879
2020-07-29,1.3342,1.3342,3.595,1.3342
2020-07-30,1.3235,1.3235,-0.802,1.3235
2020-07-31,1.3473,1.3473,1.7983,1.3473
2020-08-03,1.3809,1.3809,2.4939,1.3809
2020-08-04,1.3646,1.3646,-1.1804,1.3646
2020-08-05,1.3772,1.3772,0.9233,1.3772
2020-08-06,1.3562,1.3562,-1.5248,1.3562
2020-08-07,1.3271,1.3271,-2.1457,1.3271
2020-08-10,1.3208,1.3208,-0.4747,1.3208
2020-08-11,1.2996,1.2996,-1.6051,1.2996
2020-08-12,1.2754,1.2754,-1.8621,1.2754
2020-08-13,1.2696,1.2696,-0.4548,1.2696
2020-08-14,1.2908,1.2908,1.6698,1.2908
2020-08-17,1.3036,1.3036,0.9916,1.3036
2020-08-18,1.3058,1.3058,0.1688,1.3058
2020-08-19,1.2653,1.2653,-3.1015,1.2653
2020-08-20,1.2539,1.2539,-0.901,1.2539
2020-08-21,1.2744,1.2744,1.6349,1.2744
2020-08-24,1.3026,1.3026,2.21,1.3026
2020-08-25,1.3106,1.3106,0.61,1.3106
2020-08-26,1.2841,1.2841,-2.02,1.2841
2020-08-27,1.3048,1.3048,1.61,1.3048
2020-08-28,1.3362,1.3362,2.41,1.3362
2020-08-31,1.3227,1.3227,-1.01,1.3227
2020-09-01,1.3336,1.3336,0.82,1.3336
2020-09-02,1.3434,1.3434,0.73,1.3434
2020-09-03,1.3319,1.3319,-0.86,1.3319
2020-09-04,1.3253,1.3253,-0.5,1.3253
2020-09-07,1.2834,1.2834,-3.16,1.2834
2020-09-08,1.2878,1.2878,0.34,1.2878
2020-09-09,1.2291,1.2291,-4.56,1.2291
2020-09-10,1.2106,1.2106,-1.51,1.2106
2020-09-11,1.2355,1.2355,2.06,1.2355
2020-09-14,1.2522,1.2522,1.35,1.2522
2020-09-15,1.2626,1.2626,0.83,1.2626
2020-09-16,1.2444,1.2444,-1.44,1.2444
2020-09-17,1.2464,1.2464,0.16,1.2464
2020-09-18,1.2644,1.2644,1.44,1.2644
2020-09-21,1.252,1.252,-0.98,1.252
2020-09-22,1.2457,1.2457,-0.5,1.2457
2020-09-23,1.2662,1.2662,1.65,1.2662
2020-09-24,1.2369,1.2369,-2.31,1.2369
2020-09-25,1.2389,1.2389,0.16,1.2389
2020-09-28,1.231,1.231,-0.64,1.231
2020-09-29,1.2505,1.2505,1.58,1.2505
2020-09-30,1.2557,1.2557,0.42,1.2557
2020-10-09,1.3011,1.3011,3.62,1.3011
2020-10-12,1.3494,1.3494,3.71,1.3494
2020-10-13,1.3528,1.3528,0.25,1.3528
2020-10-14,1.3433,1.3433,-0.7,1.3433
2020-10-15,1.3332,1.3332,-0.75,1.3332
2020-10-16,1.3269,1.3269,-0.47,1.3269
2020-10-19,1.3107,1.3107,-1.22,1.3107
2020-10-20,1.3343,1.3343,1.8,1.3343
2020-10-21,1.3159,1.3159,-1.38,1.3159
2020-10-22,1.3035,1.3035,-0.94,1.3035
2020-10-23,1.2698,1.2698,-2.59,1.2698
2020-10-26,1.2777,1.2777,0.62,1.2777
2020-10-27,1.2928,1.2928,1.18,1.2928
2020-10-28,1.302,1.302,0.71,1.302
2020-10-29,1.3159,1.3159,1.07,1.3159
2020-10-30,1.2955,1.2955,-1.55,1.2955
2020-11-02,1.3198,1.3198,1.88,1.3198
2020-11-03,1.3365,1.3365,1.27,1.3365
2020-11-04,1.3395,1.3395,0.22,1.3395
2020-11-05,1.3578,1.3578,1.37,1.3578
2020-11-06,1.3322,1.3322,-1.89,1.3322
2020-11-09,1.3697,1.3697,2.81,1.3697
2020-11-10,1.3507,1.3507,-1.39,1.3507
2020-11-11,1.308,1.308,-3.16,1.308
2020-11-12,1.3171,1.3171,0.7,1.3171
2020-11-13,1.32,1.32,0.22,1.32
2020-11-16,1.3228,1.3228,0.21,1.3228
2020-11-17,1.2977,1.2977,-1.9,1.2977
2020-11-18,1.2805,1.2805,-1.33,1.2805
2020-11-19,1.2917,1.2917,0.87,1.2917
2020-11-20,1.3018,1.3018,0.78,1.3018
2020-11-23,1.3109,1.3109,0.7,1.3109
2020-11-24,1.3056,1.3056,-0.4,1.3056
2020-11-25,1.2781,1.2781,-2.11,1.2781
2020-11-26,1.2753,1.2753,-0.22,1.2753
2020-11-27,1.2798,1.2798,0.35,1.2798
2020-11-30,1.2858,1.2858,0.47,1.2858
2020-12-01,1.3166,1.3166,2.4,1.3166
2020-12-02,1.3094,1.3094,-0.55,1.3094
2020-12-03,1.3232,1.3232,1.05,1.3232
2020-12-04,1.3317,1.3317,0.64,1.3317
2020-12-07,1.3297,1.3297,-0.15,1.3297
2020-12-08,1.3388,1.3388,0.68,1.3388
2020-12-09,1.3164,1.3164,-1.67,1.3164
2020-12-10,1.326,1.326,0.73,1.326
2020-12-11,1.3124,1.3124,-1.03,1.3124
2020-12-14,1.3303,1.3303,1.36,1.3303
2020-12-15,1.3453,1.3453,1.13,1.3453
2020-12-16,1.3462,1.3462,0.07,1.3462
2020-12-17,1.3578,1.3578,0.86,1.3578
2020-12-18,1.3556,1.3556,-0.16,1.3556
2020-12-21,1.4028,1.4028,3.48,1.4028
2020-12-22,1.3696,1.3696,-2.37,1.3696
2020-12-23,1.3845,1.3845,1.09,1.3845
2020-12-24,1.3742,1.3742,-0.74,1.3742
2020-12-25,1.3835,1.3835,0.68,1.3835
2020-12-28,1.3848,1.3848,0.09,1.3848
2020-12-29,1.371,1.371,-1.0,1.371
2020-12-30,1.4116,1.4116,2.96,1.4116
2020-12-31,1.4422,1.4422,2.17,1.4422
2021-01-04,1.494,1.494,3.59,1.494
2021-01-05,1.5033,1.5033,0.62,1.5033
2021-01-06,1.5113,1.5113,0.53,1.5113
2021-01-07,1.533,1.533,1.44,1.533
2021-01-08,1.5277,1.5277,-0.35,1.5277
2021-01-11,1.501,1.501,-1.75,1.501
2021-01-12,1.5413,1.5413,2.68,1.5413
2021-01-13,1.5182,1.5182,-1.5,1.5182
2021-01-14,1.4995,1.4995,-1.23,1.4995
2021-01-15,1.4999,1.4999,0.03,1.4999
2021-01-18,1.5272,1.5272,1.82,1.5272
2021-01-19,1.4974,1.4974,-1.95,1.4974
2021-01-20,1.5527,1.5527,3.69,1.5527
2021-01-21,1.5891,1.5891,2.34,1.5891
2021-01-22,1.6234,1.6234,2.16,1.6234
2021-01-25,1.6222,1.6222,-0.07,1.6222
2021-01-26,1.5771,1.5771,-2.78,1.5771
2021-01-27,1.5879,1.5879,0.68,1.5879
2021-01-28,1.5331,1.5331,-3.45,1.5331
2021-01-29,1.518,1.518,-0.98,1.518
2021-02-01,1.5323,1.5323,0.94,1.5323
2021-02-02,1.5637,1.5637,2.05,1.5637
2021-02-03,1.5614,1.5614,-0.15,1.5614
2021-02-04,1.5507,1.5507,-0.69,1.5507
2021-02-05,1.5476,1.5476,-0.2,1.5476
2021-02-08,1.5863,1.5863,2.5,1.5863
2021-02-09,1.6127,1.6127,1.66,1.6127
2021-02-10,1.6495,1.6495,2.28,1.6495
2021-02-18,1.6063,1.6063,-2.62,1.6063
2021-02-19,1.5904,1.5904,-0.99,1.5904
2021-02-22,1.5231,1.5231,-4.23,1.5231
2021-02-23,1.5111,1.5111,-0.79,1.5111
2021-02-24,1.4628,1.4628,-3.2,1.4628
2021-02-25,1.4489,1.4489,-0.95,1.4489
2021-02-26,1.4206,1.4206,-1.95,1.4206
2021-03-01,1.4568,1.4568,2.55,1.4568
2021-03-02,1.4439,1.4439,-0.89,1.4439
2021-03-03,1.4582,1.4582,0.99,1.4582
2021-03-04,1.3911,1.3911,-4.6,1.3911
2021-03-05,1.4006,1.4006,0.68,1.4006
2021-03-08,1.3343,1.3343,-4.73,1.3343
2021-03-09,1.2901,1.2901,-3.31,1.2901
2021-03-10,1.3103,1.3103,1.57,1.3103
2021-03-11,1.3428,1.3428,2.48,1.3428
2021-03-12,1.3475,1.3475,0.35,1.3475
2021-03-15,1.2953,1.2953,-3.87,1.2953
2021-03-16,1.3083,1.3083,1.0,1.3083
2021-03-17,1.3232,1.3232,1.14,1.3232
2021-03-18,1.3441,1.3441,1.58,1.3441
2021-03-19,1.3084,1.3084,-2.66,1.3084
2021-03-22,1.3208,1.3208,0.95,1.3208
2021-03-23,1.3068,1.3068,-1.06,1.3068
2021-03-24,1.2914,1.2914,-1.18,1.2914
2021-03-25,1.3024,1.3024,0.85,1.3024
2021-03-26,1.3438,1.3438,3.18,1.3438
2021-03-29,1.3386,1.3386,-0.39,1.3386
2021-03-30,1.3561,1.3561,1.31,1.3561
2021-03-31,1.3503,1.3503,-0.43,1.3503
2021-04-01,1.3767,1.3767,1.96,1.3767
2021-04-02,1.3938,1.3938,1.24,1.3938
2021-04-06,1.3844,1.3844,-0.67,1.3844
2021-04-07,1.373,1.373,-0.82,1.373
2021-04-08,1.3824,1.3824,0.68,1.3824
2021-04-09,1.3625,1.3625,-1.44,1.3625
2021-04-12,1.3334,1.3334,-2.14,1.3334
2021-04-13,1.3439,1.3439,0.79,1.3439
2021-04-14,1.3722,1.3722,2.11,1.3722
2021-04-15,1.3659,1.3659,-0.46,1.3659
2021-04-16,1.3626,1.3626,-0.24,1.3626
2021-04-19,1.4157,1.4157,3.9,1.4157
2021-04-20,1.4148,1.4148,-0.06,1.4148
2021-04-21,1.4247,1.4247,0.7,1.4247
2021-04-22,1.4351,1.4351,0.73,1.4351
2021-04-23,1.4625,1.4625,1.91,1.4625
2021-04-26,1.4519,1.4519,-0.72,1.4519
2021-04-27,1.4601,1.4601,0.56,1.4601
2021-04-28,1.4901,1.4901,2.05,1.4901
2021-04-29,1.4905,1.4905,0.03,1.4905
2021-04-30,1.5092,1.5092,1.25,1.5092
2021-05-06,1.4733,1.4733,-2.38,1.4733
2021-05-07,1.4247,1.4247,-3.3,1.4247
2021-05-10,1.43,1.43,0.37,1.43
2021-05-11,1.43,1.43,0.0,1.43
2021-05-12,1.4483,1.4483,1.28,1.4483
2021-05-13,1.4406,1.4406,-0.53,1.4406
2021-05-14,1.4824,1.4824,2.9,1.4824
2021-05-17,1.5192,1.5192,2.48,1.5192
2021-05-18,1.5088,1.5088,-0.68,1.5088
2021-05-19,1.5203,1.5203,0.76,1.5203
2021-05-20,1.5337,1.5337,0.88,1.5337
2021-05-21,1.5196,1.5196,-0.92,1.5196
2021-05-24,1.532,1.532,0.82,1.532
2021-05-25,1.5729,1.5729,2.67,1.5729
2021-05-26,1.5578,1.5578,-0.96,1.5578
2021-05-27,1.5717,1.5717,0.89,1.5717
2021-05-28,1.5751,1.5751,0.22,1.5751
2021-05-31,1.6107,1.6107,2.26,1.6107
2021-06-01,1.6068,1.6068,-0.24,1.6068
2021-06-02,1.5808,1.5808,-1.62,1.5808
2021-06-03,1.562,1.562,-1.19,1.562
2021-06-04,1.5811,1.5811,1.22,1.5811
2021-06-07,1.5749,1.5749,-0.39,1.5749
2021-06-08,1.5659,1.5659,-0.57,1.5659
2021-06-09,1.5655,1.5655,-0.03,1.5655
2021-06-10,1.6015,1.6015,2.3,1.6015
2021-06-11,1.6078,1.6078,0.39,1.6078
2021-06-15,1.5908,1.5908,-1.06,1.5908
2021-06-16,1.5276,1.5276,-3.97,1.5276
2021-06-17,1.557,1.557,1.92,1.557
2021-06-18,1.5804,1.5804,1.5,1.5804
2021-06-21,1.5949,1.5949,0.92,1.5949
2021-06-22,1.6003,1.6003,0.34,1.6003
2021-06-23,1.6174,1.6174,1.07,1.6174
2021-06-24,1.5989,1.5989,-1.14,1.5989
2021-06-25,1.6307,1.6307,1.99,1.6307
2021-06-28,1.6609,1.6609,1.85,1.6609
2021-06-29,1.6581,1.6581,-0.17,1.6581
2021-06-30,1.6915,1.6915,2.01,1.6915
2021-07-01,1.6812,1.6812,-0.61,1.6812
2021-07-02,1.6233,1.6233,-3.44,1.6233
2021-07-05,1.632,1.632,0.54,1.632
2021-07-06,1.6045,1.6045,-1.69,1.6045
2021-07-07,1.6583,1.6583,3.35,1.6583
2021-07-08,1.6695,1.6695,0.68,1.6695
2021-07-09,1.6587,1.6587,-0.65,1.6587
2021-07-12,1.7166,1.7166,3.49,1.7166
2021-07-13,1.7075,1.7075,-0.53,1.7075
2021-07-14,1.6955,1.6955,-0.7,1.6955
2021-07-15,1.718,1.718,1.33,1.718
2021-07-16,1.67,1.67,-2.79,1.67
2021-07-19,1.6778,1.6778,0.47,1.6778
2021-07-20,1.6846,1.6846,0.41,1.6846
2021-07-21,1.729,1.729,2.64,1.729
2021-07-22,1.7219,1.7219,-0.41,1.7219
2021-07-23,1.6872,1.6872,-2.02,1.6872
2021-07-26,1.6419,1.6419,-2.68,1.6419
2021-07-27,1.5779,1.5779,-3.9,1.5779
2021-07-28,1.6022,1.6022,1.54,1.6022
2021-07-29,1.6832,1.6832,5.06,1.6832
2021-07-30,1.6742,1.6742,-0.53,1.6742
2021-08-02,1.6983,1.6983,1.44,1.6983
2021-08-03,1.6913,1.6913,-0.41,1.6913
2021-08-04,1.731,1.731,2.35,1.731
2021-08-05,1.7169,1.7169,-0.81,1.7169
2021-08-06,1.698,1.698,-1.1,1.698
2021-08-09,1.6822,1.6822,-0.93,1.6822
2021-08-10,1.6878,1.6878,0.33,1.6878
2021-08-11,1.6733,1.6733,-0.86,1.6733
2021-08-12,1.6499,1.6499,-1.4,1.6499
2021-08-13,1.631,1.631,-1.15,1.631
2021-08-16,1.6109,1.6109,-1.23,1.6109
2021-08-17,1.5756,1.5756,-2.19,1.5756
2021-08-18,1.5866,1.5866,0.7,1.5866
2021-08-19,1.6004,1.6004,0.87,1.6004
2021-08-20,1.5612,1.5612,-2.45,1.5612
2021-08-23,1.6074,1.6074,2.96,1.6074
2021-08-24,1.625,1.625,1.09,1.625
2021-08-25,1.6334,1.6334,0.52,1.6334
2021-08-26,1.5943,1.5943,-2.39,1.5943
2021-08-27,1.5909,1.5909,-0.21,1.5909
2021-08-30,1.5977,1.5977,0.43,1.5977
2021-08-31,1.5711,1.5711,-1.66,1.5711
2021-09-01,1.5585,1.5585,-0.8,1.5585
2021-09-02,1.5363,1.5363,-1.42,1.5363
2021-09-03,1.5194,1.5194,-1.1,1.5194
2021-09-06,1.5775,1.5775,3.82,1.5775
2021-09-07,1.5885,1.5885,0.7,1.5885
2021-09-08,1.5739,1.5739,-0.92,1.5739
2021-09-09,1.5749,1.5749,0.06,1.5749
2021-09-10,1.5796,1.5796,0.3,1.5796
2021-09-13,1.5622,1.5622,-1.1,1.5622
2021-09-14,1.5819,1.5819,1.26,1.5819
2021-09-15,1.5651,1.5651,-1.06,1.5651
2021-09-16,1.532,1.532,-2.11,1.532
2021-09-17,1.5618,1.5618,1.95,1.5618
2021-09-22,1.5484,1.5484,-0.86,1.5484
2021-09-23,1.5568,1.5568,0.54,1.5568
2021-09-24,1.5686,1.5686,0.76,1.5686
2021-09-27,1.5797,1.5797,0.71,1.5797
2021-09-28,1.5704,1.5704,-0.59,1.5704
2021-09-29,1.5535,1.5535,-1.08,1.5535
2021-09-30,1.5857,1.5857,2.07,1.5857
2021-10-08,1.585,1.585,-0.04,1.585
2021-10-11,1.5632,1.5632,-1.38,1.5632
2021-10-12,1.5364,1.5364,-1.71,1.5364
2021-10-13,1.5695,1.5695,2.15,1.5695
2021-10-14,1.5723,1.5723,0.18,1.5723
2021-10-15,1.6002,1.6002,1.77,1.6002
2021-10-18,1.6002,1.6002,0.0,1.6002
2021-10-19,1.6099,1.6099,0.61,1.6099
2021-10-20,1.6043,1.6043,-0.35,1.6043
2021-10-21,1.6017,1.6017,-0.16,1.6017
2021-10-22,1.6042,1.6042,0.16,1.6042
2021-10-25,1.629,1.629,1.55,1.629
2021-10-26,1.6239,1.6239,-0.31,1.6239
2021-10-27,1.6153,1.6153,-0.53,1.6153
2021-10-28,1.6011,1.6011,-0.88,1.6011
2021-10-29,1.6346,1.6346,2.09,1.6346
2021-11-01,1.626,1.626,-0.53,1.626
2021-11-02,1.6295,1.6295,0.22,1.6295
2021-11-03,1.6237,1.6237,-0.36,1.6237
2021-11-04,1.64,1.64,1.0,1.64
2021-11-05,1.6356,1.6356,-0.27,1.6356
2021-11-08,1.6483,1.6483,0.78,1.6483
2021-11-09,1.6621,1.6621,0.84,1.6621
2021-11-10,1.6573,1.6573,-0.29,1.6573
2021-11-11,1.6729,1.6729,0.94,1.6729
2021-11-12,1.6715,1.6715,-0.08,1.6715
2021-11-15,1.6583,1.6583,-0.79,1.6583
2021-11-16,1.6545,1.6545,-0.23,1.6545
2021-11-17,1.6673,1.6673,0.77,1.6673
2021-11-18,1.65,1.65,-1.04,1.65
2021-11-19,1.6662,1.6662,0.98,1.6662
2021-11-22,1.7063,1.7063,2.41,1.7063
2021-11-23,1.7002,1.7002,-0.36,1.7002
2021-11-24,1.6937,1.6937,-0.38,1.6937
2021-11-25,1.6917,1.6917,-0.12,1.6917
2021-11-26,1.6891,1.6891,-0.15,1.6891
2021-11-29,1.705,1.705,0.94,1.705
2021-11-30,1.7014,1.7014,-0.21,1.7014
2021-12-01,1.6912,1.6912,-0.6,1.6912
2021-12-02,1.6881,1.6881,-0.18,1.6881
2021-12-03,1.6936,1.6936,0.33,1.6936
2021-12-06,1.6599,1.6599,-1.99,1.6599
2021-12-07,1.6427,1.6427,-1.04,1.6427
2021-12-08,1.6685,1.6685,1.57,1.6685
2021-12-09,1.6846,1.6846,0.96,1.6846
2021-12-10,1.6881,1.6881,0.21,1.6881
2021-12-13,1.7021,1.7021,0.83,1.7021
2021-12-14,1.7012,1.7012,-0.05,1.7012
2021-12-15,1.6879,1.6879,-0.78,1.6879
2021-12-16,1.6998,1.6998,0.71,1.6998
2021-12-17,1.6738,1.6738,-1.53,1.6738
2021-12-20,1.6268,1.6268,-2.81,1.6268
2021-12-21,1.6351,1.6351,0.51,1.6351
2021-12-22,1.6435,1.6435,0.51,1.6435
2021-12-23,1.6458,1.6458,0.14,1.6458
2021-12-24,1.6104,1.6104,-2.15,1.6104
2021-12-27,1.6089,1.6089,-0.09,1.6089
2021-12-28,1.6251,1.6251,1.01,1.6251
2021-12-29,1.6035,1.6035,-1.33,1.6035
2021-12-30,1.6227,1.6227,1.2,1.6227
2021-12-31,1.6226,1.6226,-0.01,1.6226
2022-01-04,1.589,1.589,-2.07,1.589
2022-01-05,1.5481,1.5481,-2.57,1.5481
2022-01-06,1.5325,1.5325,-1.01,1.5325
2022-01-07,1.5183,1.5183,-0.93,1.5183
2022-01-10,1.5178,1.5178,-0.03,1.5178
2022-01-11,1.4994,1.4994,-1.21,1.4994
2022-01-12,1.5368,1.5368,2.49,1.5368
2022-01-13,1.512,1.512,-1.61,1.512
2022-01-14,1.5287,1.5287,1.1,1.5287
2022-01-17,1.5524,1.5524,1.55,1.5524
2022-01-18,1.5403,1.5403,-0.78,1.5403
2022-01-19,1.5086,1.5086,-2.06,1.5086
2022-01-20,1.504,1.504,-0.3,1.504
2022-01-21,1.4894,1.4894,-0.97,1.4894
2022-01-24,1.4995,1.4995,0.68,1.4995
2022-01-25,1.4615,1.4615,-2.53,1.4615
2022-01-26,1.4752,1.4752,0.94,1.4752
2022-01-27,1.4301,1.4301,-3.06,1.4301
2022-01-28,1.4311,1.4311,0.07,1.4311
2022-02-07,1.4351,1.4351,0.28,1.4351
2022-02-08,1.4022,1.4022,-2.29,1.4022
2022-02-09,1.4194,1.4194,1.23,1.4194
2022-02-10,1.3929,1.3929,-1.87,1.3929
2022-02-11,1.3556,1.3556,-2.68,1.3556
2022-02-14,1.3488,1.3488,-0.5,1.3488
2022-02-15,1.3883,1.3883,2.93,1.3883
2022-02-16,1.3892,1.3892,0.06,1.3892
2022-02-17,1.3992,1.3992,0.72,1.3992
2022-02-18,1.3933,1.3933,-0.42,1.3933
2022-02-21,1.383,1.383,-0.74,1.383
2022-02-22,1.3649,1.3649,-1.31,1.3649
2022-02-23,1.4013,1.4013,2.67,1.4013
2022-02-24,1.3732,1.3732,-2.01,1.3732
2022-02-25,1.4067,1.4067,2.44,1.4067
2022-02-28,1.4185,1.4185,0.84,1.4185
2022-03-01,1.4207,1.4207,0.16,1.4207
2022-03-02,1.3969,1.3969,-1.68,1.3969
2022-03-03,1.377,1.377,-1.42,1.377
2022-03-04,1.3567,1.3567,-1.47,1.3567
2022-03-07,1.3015,1.3015,-4.07,1.3015
2022-03-08,1.2793,1.2793,-1.71,1.2793
2022-03-09,1.2716,1.2716,-0.6,1.2716
2022-03-10,1.3036,1.3036,2.52,1.3036
2022-03-11,1.3179,1.3179,1.1,1.3179
2022-03-14,1.2734,1.2734,-3.38,1.2734
2022-03-15,1.2425,1.2425,-2.43,1.2425
2022-03-16,1.3039,1.3039,4.94,1.3039
2022-03-17,1.3397,1.3397,2.75,1.3397
2022-03-18,1.3412,1.3412,0.11,1.3412
2022-03-21,1.347,1.347,0.43,1.347
2022-03-22,1.3292,1.3292,-1.32,1.3292
2022-03-23,1.3422,1.3422,0.98,1.3422
2022-03-24,1.3376,1.3376,-0.34,1.3376
2022-03-25,1.3056,1.3056,-2.39,1.3056
2022-03-28,1.285,1.285,-1.58,1.285
2022-03-29,1.2842,1.2842,-0.06,1.2842
2022-03-30,1.3315,1.3315,3.68,1.3315
2022-03-31,1.3143,1.3143,-1.29,1.3143
2022-04-01,1.3179,1.3179,0.27,1.3179
2022-04-06,1.3024,1.3024,-1.18,1.3024
2022-04-07,1.2764,1.2764,-2.0,1.2764
2022-04-08,1.2723,1.2723,-0.32,1.2723
2022-04-11,1.2218,1.2218,-3.97,1.2218
2022-04-12,1.2505,1.2505,2.35,1.2505
2022-04-13,1.2242,1.2242,-2.1,1.2242
2022-04-14,1.224,1.224,-0.02,1.224
2022-04-15,1.2212,1.2212,-0.23,1.2212
2022-04-18,1.2341,1.2341,1.06,1.2341
2022-04-19,1.218,1.218,-1.3,1.218
2022-04-20,1.1761,1.1761,-3.44,1.1761
2022-04-21,1.1518,1.1518,-2.07,1.1518
2022-04-22,1.1444,1.1444,-0.64,1.1444
2022-04-25,1.0822,1.0822,-5.44,1.0822
2022-04-26,1.074,1.074,-0.76,1.074
2022-04-27,1.1274,1.1274,4.97,1.1274
2022-04-28,1.1086,1.1086,-1.67,1.1086
2022-04-29,1.1517,1.1517,3.89,1.1517
2022-05-05,1.1373,1.1373,-1.25,1.1373
2022-05-06,1.1169,1.1169,-1.79,1.1169
2022-05-09,1.109,1.109,-0.71,1.109
2022-05-10,1.1317,1.1317,2.05,1.1317
2022-05-11,1.1645,1.1645,2.9,1.1645
2022-05-12,1.1674,1.1674,0.25,1.1674
2022-05-13,1.1708,1.1708,0.29,1.1708
2022-05-16,1.1581,1.1581,-1.08,1.1581
2022-05-17,1.176,1.176,1.55,1.176
2022-05-18,1.1748,1.1748,-0.1,1.1748
2022-05-19,1.1809,1.1809,0.52,1.1809
2022-05-20,1.1999,1.1999,1.61,1.1999
2022-05-23,1.1967,1.1967,-0.27,1.1967
2022-05-24,1.1533,1.1533,-3.63,1.1533
2022-05-25,1.1569,1.1569,0.31,1.1569
2022-05-26,1.155,1.155,-0.16,1.155
2022-05-27,1.1558,1.1558,0.07,1.1558
2022-05-30,1.169,1.169,1.14,1.169
2022-05-31,1.195,1.195,2.22,1.195
2022-06-01,1.2064,1.2064,0.95,1.2064
2022-06-02,1.2206,1.2206,1.18,1.2206
2022-06-06,1.266,1.266,3.72,1.266
2022-06-07,1.2661,1.2661,0.01,1.2661
2022-06-08,1.2763,1.2763,0.81,1.2763
2022-06-09,1.2406,1.2406,-2.8,1.2406
2022-06-10,1.2669,1.2669,2.12,1.2669
2022-06-13,1.2625,1.2625,-0.35,1.2625
2022-06-14,1.2634,1.2634,0.07,1.2634
2022-06-15,1.276,1.276,1.0,1.276
2022-06-16,1.281,1.281,0.39,1.281
2022-06-17,1.3148,1.3148,2.64,1.3148
2022-06-20,1.3397,1.3397,1.89,1.3397
2022-06-21,1.3317,1.3317,-0.6,1.3317
2022-06-22,1.3244,1.3244,-0.55,1.3244
2022-06-23,1.3634,1.3634,2.94,1.3634
2022-06-24,1.3936,1.3936,2.22,1.3936
2022-06-27,1.3967,1.3967,0.22,1.3967
2022-06-28,1.4014,1.4014,0.34,1.4014
2022-06-29,1.368,1.368,-2.38,1.368
2022-06-30,1.3878,1.3878,1.45,1.3878
2022-07-01,1.3744,1.3744,-0.97,1.3744
2022-07-04,1.3991,1.3991,1.8,1.3991
2022-07-05,1.3946,1.3946,-0.32,1.3946
2022-07-06,1.3841,1.3841,-0.75,1.3841
2022-07-07,1.4062,1.4062,1.6,1.4062
2022-07-08,1.3914,1.3914,-1.05,1.3914
2022-07-11,1.3679,1.3679,-1.69,1.3679
2022-07-12,1.3372,1.3372,-2.24,1.3372
2022-07-13,1.358,1.358,1.56,1.358
2022-07-14,1.392,1.392,2.5,1.392
2022-07-15,1.3648,1.3648,-1.95,1.3648
2022-07-18,1.3835,1.3835,1.37,1.3835
2022-07-19,1.3603,1.3603,-1.68,1.3603
2022-07-20,1.367,1.367,0.49,1.367
2022-07-21,1.3606,1.3606,-0.47,1.3606
2022-07-22,1.3539,1.3539,-0.49,1.3539
2022-07-25,1.3387,1.3387,-1.12,1.3387
2022-07-26,1.3428,1.3428,0.31,1.3428
2022-07-27,1.3431,1.3431,0.02,1.3431
2022-07-28,1.3392,1.3392,-0.29,1.3392
2022-07-29,1.3226,1.3226,-1.24,1.3226
2022-08-01,1.3522,1.3522,2.24,1.3522
2022-08-02,1.3264,1.3264,-1.91,1.3264
2022-08-03,1.303,1.303,-1.76,1.303
2022-08-04,1.3086,1.3086,0.43,1.3086
2022-08-05,1.3295,1.3295,1.6,1.3295
2022-08-08,1.3257,1.3257,-0.29,1.3257
2022-08-09,1.3347,1.3347,0.68,1.3347
2022-08-10,1.3177,1.3177,-1.27,1.3177
2022-08-11,1.3472,1.3472,2.24,1.3472
2022-08-12,1.3328,1.3328,-1.07,1.3328
2022-08-15,1.3459,1.3459,0.98,1.3459
2022-08-16,1.3518,1.3518,0.44,1.3518
2022-08-17,1.3736,1.3736,1.61,1.3736
2022-08-18,1.3727,1.3727,-0.07,1.3727
2022-08-19,1.3531,1.3531,-1.43,1.3531
2022-08-22,1.3741,1.3741,1.55,1.3741
2022-08-23,1.3747,1.3747,0.04,1.3747
2022-08-24,1.3272,1.3272,-3.46,1.3272
2022-08-25,1.3217,1.3217,-0.41,1.3217
2022-08-26,1.309,1.309,-0.96,1.309
2022-08-29,1.3045,1.3045,-0.34,1.3045
2022-08-30,1.2959,1.2959,-0.66,1.2959
2022-08-31,1.2763,1.2763,-1.51,1.2763
2022-09-01,1.2591,1.2591,-1.35,1.2591
2022-09-02,1.2587,1.2587,-0.03,1.2587
2022-09-05,1.2611,1.2611,0.19,1.2611
2022-09-06,1.2623,1.2623,0.1,1.2623
2022-09-07,1.2765,1.2765,1.12,1.2765
2022-09-08,1.254,1.254,-1.76,1.254
2022-09-09,1.2659,1.2659,0.95,1.2659
2022-09-13,1.267,1.267,0.09,1.267
2022-09-14,1.245,1.245,-1.74,1.245
2022-09-15,1.2076,1.2076,-3.0,1.2076
2022-09-16,1.1811,1.1811,-2.19,1.1811
2022-09-19,1.1729,1.1729,-0.69,1.1729
2022-09-20,1.1808,1.1808,0.67,1.1808
2022-09-21,1.1641,1.1641,-1.41,1.1641
2022-09-22,1.1584,1.1584,-0.49,1.1584
2022-09-23,1.151,1.151,-0.64,1.151
2022-09-26,1.16,1.16,0.78,1.16
2022-09-27,1.1844,1.1844,2.1,1.1844
2022-09-28,1.1559,1.1559,-2.41,1.1559
2022-09-29,1.165,1.165,0.79,1.165
2022-09-30,1.1441,1.1441,-1.79,1.1441
2022-10-10,1.1191,1.1191,-2.19,1.1191
2022-10-11,1.1312,1.1312,1.08,1.1312
2022-10-12,1.1699,1.1699,3.42,1.1699
2022-10-13,1.1734,1.1734,0.3,1.1734
2022-10-14,1.213,1.213,3.37,1.213
2022-10-17,1.2133,1.2133,0.02,1.2133
2022-10-18,1.219,1.219,0.47,1.219
2022-10-19,1.2091,1.2091,-0.81,1.2091
2022-10-20,1.1976,1.1976,-0.95,1.1976
2022-10-21,1.1946,1.1946,-0.25,1.1946
2022-10-24,1.167,1.167,-2.31,1.167
2022-10-25,1.1565,1.1565,-0.9,1.1565
2022-10-26,1.1841,1.1841,2.39,1.1841
2022-10-27,1.1673,1.1673,-1.42,1.1673
2022-10-28,1.1264,1.1264,-3.5,1.1264
2022-10-31,1.1333,1.1333,0.61,1.1333
